NurseAMK,ProcEventID
10000000733,1
10000000472,2
10000000318,3
10000000702,4
10000000517,5
10000000510,6
10000000753,7
10000000738,8
10000000540,9
10000000530,10
10000000524,11
10000000495,12
10000000302,13
10000000577,14
10000000778,15
10000000762,16
10000000368,17
10000000520,18
10000000496,19
10000000584,20
10000000779,21
10000000720,22
10000000764,23
10000000823,24
10000000659,25
10000000380,26
10000000649,27
10000000773,28
10000000829,29
10000000307,30
10000000505,31
10000000730,32
10000000776,33
10000000774,34
10000000349,35
10000000836,36
10000000451,37
10000000539,38
10000000518,39
10000000716,40
10000000528,41
10000000690,42
10000000803,43
10000000397,44
10000000731,45
10000000665,46
10000000716,47
10000000608,48
10000000828,49
10000000452,50
10000000777,51
10000000398,52
10000000747,53
10000000551,54
10000000668,55
10000000634,56
10000000600,57
10000000815,58
10000000332,59
10000000783,60
10000000465,61
10000000507,62
10000000834,63
10000000482,64
10000000780,65
10000000573,66
10000000602,67
10000000317,68
10000000786,69
10000000385,70
10000000690,71
10000000420,72
10000000371,73
10000000503,74
10000000523,75
10000000593,76
10000000326,77
10000000713,78
10000000352,79
10000000769,80
10000000783,81
10000000329,82
10000000513,83
10000000780,84
10000000428,85
10000000563,86
10000000522,87
10000000427,88
10000000383,89
10000000773,90
10000000300,91
10000000385,92
10000000584,93
10000000421,94
10000000358,95
10000000386,96
10000000426,97
10000000614,98
10000000779,99
10000000751,100
10000000627,101
10000000306,102
10000000715,103
10000000733,104
10000000827,105
10000000719,106
10000000478,107
10000000763,108
10000000765,109
10000000402,110
10000000477,111
10000000355,112
10000000736,113
10000000675,114
10000000495,115
10000000642,116
10000000618,117
10000000738,118
10000000395,119
10000000389,120
10000000708,121
10000000682,122
10000000475,123
10000000657,124
10000000476,125
10000000389,126
10000000556,127
10000000639,128
10000000371,129
10000000592,130
10000000526,131
10000000475,132
10000000301,133
10000000456,134
10000000545,135
10000000308,136
10000000825,137
10000000587,138
10000000316,139
10000000450,140
10000000724,141
10000000341,142
10000000763,143
10000000557,144
10000000420,145
10000000802,146
10000000707,147
10000000641,148
10000000691,149
10000000653,150
10000000469,151
10000000756,152
10000000403,153
10000000695,154
10000000583,155
10000000782,156
10000000529,157
10000000500,158
10000000734,159
10000000741,160
10000000550,161
10000000450,162
10000000600,163
10000000327,164
10000000803,165
10000000765,166
10000000642,167
10000000809,168
10000000797,169
10000000830,170
10000000434,171
10000000357,172
10000000321,173
10000000759,174
10000000586,175
10000000329,176
10000000530,177
10000000760,178
10000000381,179
10000000364,180
10000000361,181
10000000724,182
10000000760,183
10000000309,184
10000000666,185
10000000388,186
10000000649,187
10000000602,188
10000000716,189
10000000799,190
10000000407,191
10000000533,192
10000000407,193
10000000728,194
10000000447,195
10000000586,196
10000000347,197
10000000643,198
10000000749,199
10000000797,200
10000000513,201
10000000617,202
10000000436,203
10000000781,204
10000000634,205
10000000754,206
10000000362,207
10000000486,208
10000000814,209
10000000626,210
10000000754,211
10000000483,212
10000000655,213
10000000367,214
10000000721,215
10000000587,216
10000000610,217
10000000792,218
10000000645,219
10000000663,220
10000000731,221
10000000557,222
10000000356,223
10000000502,224
10000000659,225
10000000599,226
10000000351,227
10000000828,228
10000000752,229
10000000446,230
10000000408,231
10000000682,232
10000000584,233
10000000683,234
10000000728,235
10000000354,236
10000000664,237
10000000439,238
10000000554,239
10000000552,240
10000000319,241
10000000421,242
10000000358,243
10000000646,244
10000000662,245
10000000444,246
10000000623,247
10000000304,248
10000000696,249
10000000409,250
10000000457,251
10000000673,252
10000000562,253
10000000423,254
10000000643,255
10000000507,256
10000000406,257
10000000811,258
10000000430,259
10000000428,260
10000000733,261
10000000635,262
10000000470,263
10000000796,264
10000000594,265
10000000624,266
10000000344,267
10000000469,268
10000000685,269
10000000706,270
10000000514,271
10000000711,272
10000000516,273
10000000558,274
10000000415,275
10000000697,276
10000000667,277
10000000429,278
10000000474,279
10000000597,280
10000000357,281
10000000516,282
10000000367,283
10000000390,284
10000000802,285
10000000442,286
10000000625,287
10000000675,288
10000000375,289
10000000629,290
10000000644,291
10000000683,292
10000000755,293
10000000607,294
10000000374,295
10000000779,296
10000000571,297
10000000485,298
10000000607,299
10000000721,300
10000000451,301
10000000727,302
10000000770,303
10000000529,304
10000000751,305
10000000549,306
10000000567,307
10000000559,308
10000000383,309
10000000464,310
10000000484,311
10000000573,312
10000000690,313
10000000356,314
10000000740,315
10000000794,316
10000000802,317
10000000414,318
10000000611,319
10000000553,320
10000000487,321
10000000317,322
10000000479,323
10000000649,324
10000000589,325
10000000355,326
10000000315,327
10000000679,328
10000000485,329
10000000712,330
10000000814,331
10000000611,332
10000000344,333
10000000535,334
10000000587,335
10000000728,336
10000000484,337
10000000451,338
10000000640,339
10000000681,340
10000000441,341
10000000419,342
10000000830,343
10000000411,344
10000000484,345
10000000585,346
10000000396,347
10000000493,348
10000000381,349
10000000545,350
10000000451,351
10000000657,352
10000000809,353
10000000420,354
10000000318,355
10000000744,356
10000000671,357
10000000837,358
10000000682,359
10000000308,360
10000000763,361
10000000637,362
10000000548,363
10000000413,364
10000000812,365
10000000593,366
10000000392,367
10000000562,368
10000000755,369
10000000685,370
10000000318,371
10000000640,372
10000000567,373
10000000681,374
10000000624,375
10000000730,376
10000000677,377
10000000581,378
10000000577,379
10000000631,380
10000000387,381
10000000723,382
10000000360,383
10000000826,384
10000000515,385
10000000746,386
10000000529,387
10000000650,388
10000000422,389
10000000753,390
10000000485,391
10000000775,392
10000000378,393
10000000446,394
10000000309,395
10000000704,396
10000000701,397
10000000725,398
10000000606,399
10000000469,400
10000000435,401
10000000327,402
10000000300,403
10000000524,404
10000000825,405
10000000622,406
10000000590,407
10000000319,408
10000000473,409
10000000383,410
10000000589,411
10000000492,412
10000000645,413
10000000676,414
10000000551,415
10000000765,416
10000000497,417
10000000709,418
10000000641,419
10000000385,420
10000000354,421
10000000809,422
10000000616,423
10000000318,424
10000000465,425
10000000809,426
10000000315,427
10000000812,428
10000000575,429
10000000619,430
10000000707,431
10000000441,432
10000000701,433
10000000829,434
10000000595,435
10000000629,436
10000000466,437
10000000820,438
10000000474,439
10000000691,440
10000000810,441
10000000620,442
10000000501,443
10000000625,444
10000000480,445
10000000492,446
10000000625,447
10000000424,448
10000000446,449
10000000513,450
10000000320,451
10000000432,452
10000000393,453
10000000602,454
10000000497,455
10000000836,456
10000000426,457
10000000354,458
10000000506,459
10000000474,460
10000000554,461
10000000758,462
10000000332,463
10000000787,464
10000000477,465
10000000776,466
10000000784,467
10000000496,468
10000000481,469
10000000465,470
10000000512,471
10000000449,472
10000000464,473
10000000568,474
10000000815,475
10000000350,476
10000000468,477
10000000419,478
10000000363,479
10000000615,480
10000000560,481
10000000514,482
10000000736,483
10000000369,484
10000000313,485
10000000665,486
10000000483,487
10000000839,488
10000000751,489
10000000340,490
10000000422,491
10000000410,492
10000000619,493
10000000591,494
10000000762,495
10000000445,496
10000000763,497
10000000607,498
10000000655,499
10000000594,500
10000000580,501
10000000720,502
10000000600,503
10000000751,504
10000000787,505
10000000341,506
10000000338,507
10000000435,508
10000000638,509
10000000656,510
10000000784,511
10000000330,512
10000000559,513
10000000501,514
10000000529,515
10000000411,516
10000000769,517
10000000495,518
10000000620,519
10000000529,520
10000000520,521
10000000513,522
10000000418,523
10000000543,524
10000000305,525
10000000834,526
10000000446,527
10000000687,528
10000000631,529
10000000522,530
10000000552,531
10000000498,532
10000000403,533
10000000322,534
10000000307,535
10000000384,536
10000000797,537
10000000538,538
10000000736,539
10000000361,540
10000000303,541
10000000408,542
10000000419,543
10000000401,544
10000000340,545
10000000525,546
10000000802,547
10000000548,548
10000000413,549
10000000732,550
10000000632,551
10000000365,552
10000000822,553
10000000377,554
10000000525,555
10000000325,556
10000000369,557
10000000329,558
10000000587,559
10000000418,560
10000000353,561
10000000518,562
10000000584,563
10000000818,564
10000000402,565
10000000680,566
10000000530,567
10000000589,568
10000000617,569
10000000780,570
10000000346,571
10000000732,572
10000000594,573
10000000714,574
10000000607,575
10000000577,576
10000000404,577
10000000567,578
10000000657,579
10000000414,580
10000000733,581
10000000571,582
10000000825,583
10000000620,584
10000000602,585
10000000477,586
10000000552,587
10000000779,588
10000000828,589
10000000602,590
10000000578,591
10000000435,592
10000000551,593
10000000785,594
10000000755,595
10000000661,596
10000000541,597
10000000344,598
10000000510,599
10000000773,600
10000000514,601
10000000649,602
10000000612,603
10000000313,604
10000000653,605
10000000427,606
10000000718,607
10000000492,608
10000000498,609
10000000609,610
10000000354,611
10000000695,612
10000000615,613
10000000612,614
10000000492,615
10000000795,616
10000000780,617
10000000581,618
10000000814,619
10000000707,620
10000000469,621
10000000821,622
10000000513,623
10000000639,624
10000000742,625
10000000690,626
10000000530,627
10000000539,628
10000000314,629
10000000724,630
10000000627,631
10000000679,632
10000000583,633
10000000435,634
10000000482,635
10000000644,636
10000000540,637
10000000614,638
10000000794,639
10000000776,640
10000000461,641
10000000553,642
10000000735,643
10000000639,644
10000000531,645
10000000777,646
10000000411,647
10000000649,648
10000000501,649
10000000589,650
10000000612,651
10000000687,652
10000000575,653
10000000624,654
10000000723,655
10000000501,656
10000000517,657
10000000436,658
10000000676,659
10000000622,660
10000000714,661
10000000375,662
10000000729,663
10000000338,664
10000000711,665
10000000781,666
10000000690,667
10000000502,668
10000000364,669
10000000581,670
10000000408,671
10000000407,672
10000000357,673
10000000536,674
10000000517,675
10000000672,676
10000000374,677
10000000438,678
10000000439,679
10000000328,680
10000000527,681
10000000799,682
10000000442,683
10000000831,684
10000000380,685
10000000315,686
10000000344,687
10000000593,688
10000000662,689
10000000586,690
10000000398,691
10000000316,692
10000000697,693
10000000597,694
10000000608,695
10000000371,696
10000000692,697
10000000323,698
10000000638,699
10000000667,700
10000000757,701
10000000339,702
10000000713,703
10000000554,704
10000000819,705
10000000440,706
10000000468,707
10000000621,708
10000000661,709
10000000347,710
10000000653,711
10000000595,712
10000000420,713
10000000704,714
10000000474,715
10000000585,716
10000000321,717
10000000525,718
10000000701,719
10000000770,720
10000000598,721
10000000404,722
10000000815,723
10000000476,724
10000000654,725
10000000700,726
10000000766,727
10000000758,728
10000000312,729
10000000318,730
10000000519,731
10000000832,732
10000000705,733
10000000714,734
10000000743,735
10000000746,736
10000000394,737
10000000758,738
10000000436,739
10000000335,740
10000000448,741
10000000779,742
10000000333,743
10000000708,744
10000000382,745
10000000345,746
10000000673,747
10000000474,748
10000000537,749
10000000671,750
10000000686,751
10000000388,752
10000000707,753
10000000540,754
10000000341,755
10000000834,756
10000000760,757
10000000531,758
10000000741,759
10000000445,760
10000000471,761
10000000719,762
10000000527,763
10000000538,764
10000000802,765
10000000572,766
10000000698,767
10000000839,768
10000000799,769
10000000623,770
10000000691,771
10000000735,772
10000000708,773
10000000500,774
10000000837,775
10000000668,776
10000000421,777
10000000730,778
10000000455,779
10000000410,780
10000000824,781
10000000804,782
10000000673,783
10000000658,784
10000000821,785
10000000466,786
10000000433,787
10000000722,788
10000000466,789
10000000747,790
10000000661,791
10000000805,792
10000000460,793
10000000303,794
10000000453,795
10000000526,796
10000000401,797
10000000724,798
10000000716,799
10000000658,800
10000000610,801
10000000722,802
10000000738,803
10000000522,804
10000000703,805
10000000594,806
10000000799,807
10000000771,808
10000000830,809
10000000517,810
10000000823,811
10000000669,812
10000000543,813
10000000692,814
10000000384,815
10000000770,816
10000000826,817
10000000605,818
10000000393,819
10000000411,820
10000000422,821
10000000549,822
10000000477,823
10000000636,824
10000000492,825
10000000816,826
10000000522,827
10000000699,828
10000000520,829
10000000828,830
10000000536,831
10000000542,832
10000000469,833
10000000772,834
10000000740,835
10000000599,836
10000000478,837
10000000778,838
10000000830,839
10000000451,840
10000000780,841
10000000709,842
10000000628,843
10000000345,844
10000000763,845
10000000791,846
10000000832,847
10000000401,848
10000000512,849
10000000674,850
10000000726,851
10000000800,852
10000000438,853
10000000804,854
10000000767,855
10000000752,856
10000000576,857
10000000504,858
10000000578,859
10000000475,860
10000000417,861
10000000561,862
10000000352,863
10000000836,864
10000000669,865
10000000368,866
10000000621,867
10000000670,868
10000000426,869
10000000440,870
10000000480,871
10000000641,872
10000000545,873
10000000473,874
10000000568,875
10000000667,876
10000000778,877
10000000384,878
10000000713,879
10000000815,880
10000000737,881
10000000653,882
10000000570,883
10000000811,884
10000000612,885
10000000410,886
10000000628,887
10000000680,888
10000000576,889
10000000378,890
10000000813,891
10000000433,892
10000000583,893
10000000827,894
10000000829,895
10000000305,896
10000000793,897
10000000336,898
10000000494,899
10000000592,900
10000000780,901
10000000317,902
10000000512,903
10000000492,904
10000000644,905
10000000823,906
10000000355,907
10000000675,908
10000000473,909
10000000725,910
10000000716,911
10000000486,912
10000000464,913
10000000336,914
10000000670,915
10000000626,916
10000000331,917
10000000310,918
10000000378,919
10000000358,920
10000000434,921
10000000350,922
10000000341,923
10000000510,924
10000000629,925
10000000583,926
10000000584,927
10000000309,928
10000000775,929
10000000573,930
10000000389,931
10000000833,932
10000000523,933
10000000831,934
10000000631,935
10000000528,936
10000000708,937
10000000457,938
10000000416,939
10000000658,940
10000000485,941
10000000838,942
10000000302,943
10000000444,944
10000000643,945
10000000508,946
10000000622,947
10000000361,948
10000000407,949
10000000729,950
10000000530,951
10000000617,952
10000000472,953
10000000300,954
10000000545,955
10000000583,956
10000000461,957
10000000612,958
10000000468,959
10000000455,960
10000000775,961
10000000424,962
10000000740,963
10000000453,964
10000000774,965
10000000455,966
10000000423,967
10000000427,968
10000000529,969
10000000507,970
10000000705,971
10000000813,972
10000000408,973
10000000547,974
10000000380,975
10000000391,976
10000000390,977
10000000480,978
10000000789,979
10000000409,980
10000000458,981
10000000582,982
10000000356,983
10000000512,984
10000000317,985
10000000463,986
10000000658,987
10000000553,988
10000000559,989
10000000555,990
10000000407,991
10000000588,992
10000000304,993
10000000545,994
10000000382,995
10000000343,996
10000000403,997
10000000522,998
10000000432,999
10000000834,1000
10000000501,1001
10000000701,1002
10000000534,1003
10000000641,1004
10000000644,1005
10000000691,1006
10000000724,1007
10000000689,1008
10000000803,1009
10000000349,1010
10000000672,1011
10000000609,1012
10000000798,1013
10000000795,1014
10000000728,1015
10000000549,1016
10000000419,1017
10000000652,1018
10000000780,1019
10000000434,1020
10000000475,1021
10000000301,1022
10000000827,1023
10000000473,1024
10000000654,1025
10000000380,1026
10000000533,1027
10000000597,1028
10000000627,1029
10000000798,1030
10000000713,1031
10000000397,1032
10000000732,1033
10000000784,1034
10000000399,1035
10000000776,1036
10000000459,1037
10000000499,1038
10000000783,1039
10000000726,1040
10000000723,1041
10000000493,1042
10000000353,1043
10000000398,1044
10000000469,1045
10000000743,1046
10000000484,1047
10000000699,1048
10000000835,1049
10000000725,1050
10000000765,1051
10000000598,1052
10000000344,1053
10000000486,1054
10000000752,1055
10000000346,1056
10000000693,1057
10000000761,1058
10000000479,1059
10000000752,1060
10000000683,1061
10000000583,1062
10000000676,1063
10000000466,1064
10000000509,1065
10000000347,1066
10000000759,1067
10000000832,1068
10000000405,1069
10000000403,1070
10000000696,1071
10000000372,1072
10000000679,1073
10000000745,1074
10000000423,1075
10000000767,1076
10000000604,1077
10000000411,1078
10000000817,1079
10000000321,1080
10000000419,1081
10000000802,1082
10000000398,1083
10000000792,1084
10000000358,1085
10000000784,1086
10000000627,1087
10000000779,1088
10000000658,1089
10000000672,1090
10000000486,1091
10000000560,1092
10000000305,1093
10000000726,1094
10000000646,1095
10000000504,1096
10000000811,1097
10000000662,1098
10000000632,1099
10000000798,1100
10000000365,1101
10000000513,1102
10000000406,1103
10000000555,1104
10000000379,1105
10000000372,1106
10000000496,1107
10000000819,1108
10000000727,1109
10000000361,1110
10000000333,1111
10000000578,1112
10000000533,1113
10000000551,1114
10000000697,1115
10000000692,1116
10000000837,1117
10000000378,1118
10000000345,1119
10000000644,1120
10000000698,1121
10000000811,1122
10000000579,1123
10000000683,1124
10000000461,1125
10000000569,1126
10000000609,1127
10000000534,1128
10000000723,1129
10000000581,1130
10000000649,1131
10000000682,1132
10000000432,1133
10000000724,1134
10000000694,1135
10000000483,1136
10000000405,1137
10000000754,1138
10000000652,1139
10000000688,1140
10000000486,1141
10000000559,1142
10000000837,1143
10000000752,1144
10000000701,1145
10000000460,1146
10000000476,1147
10000000603,1148
10000000611,1149
10000000605,1150
10000000834,1151
10000000367,1152
10000000576,1153
10000000765,1154
10000000502,1155
10000000657,1156
10000000547,1157
10000000558,1158
10000000815,1159
10000000496,1160
10000000645,1161
10000000380,1162
10000000666,1163
10000000750,1164
10000000698,1165
10000000431,1166
10000000364,1167
10000000793,1168
10000000565,1169
10000000372,1170
10000000381,1171
10000000553,1172
10000000601,1173
10000000318,1174
10000000330,1175
10000000739,1176
10000000491,1177
10000000557,1178
10000000454,1179
10000000617,1180
10000000531,1181
10000000317,1182
10000000628,1183
10000000517,1184
10000000339,1185
10000000629,1186
10000000693,1187
10000000379,1188
10000000539,1189
10000000473,1190
10000000536,1191
10000000735,1192
10000000385,1193
10000000621,1194
10000000505,1195
10000000419,1196
10000000385,1197
10000000476,1198
10000000538,1199
10000000413,1200
