ID,Phone
1,2123023370
2,2102536076
3,2189432057
4,2178450374
5,2137557059
6,2178154698
7,2102210604
8,2158662761
9,2125470160
10,2178338549
11,2104954363
12,2183901876
13,2147542032
14,2106387463
15,2169827968
16,2186715304
17,2155825097
18,2166907102
19,2180398732
20,2196703687
21,2172186299
22,2113662660
23,2144252673
24,2141590457
25,2134351701
26,2192776397
27,2142633189
28,2177995791
29,2131013323
30,2123627407
31,2151015790
32,2173503478
33,2108459622
34,2191356877
35,2104971445
36,2193746505
37,2119447790
38,2126550270
39,2196729052
40,2131028004
41,2176225181
42,2128435107
43,2159522410
44,2113931433
45,2141529943
46,2131466617
47,2198111229
48,2188174592
49,2156627646
50,2107480456
51,2166812896
52,2142180219
53,2181386561
54,2142360227
55,2105258079
56,2163308041
57,2100454123
58,2113870107
59,2146873890
60,2115375947
61,2112846594
62,2175673840
63,2147621108
64,2160559642
65,2190295424
66,2168028228
67,2123797258
68,2184049705
69,2102615057
70,2110207940
71,2153295511
72,2186420250
73,2133914728
74,2119144835
75,2146985335
76,2164522151
77,2131154366
78,2193466522
79,2171038020
80,2195162225
81,2162378078
82,2142066612
83,2156647509
84,2124559829
85,2143058826
86,2120334650
87,2173218364
88,2183129785
89,2131799402
90,2129142861
91,2162285946
92,2194296287
93,2144284126
94,2187793307
95,2181075202
96,2113128662
97,2110217918
98,2174655465
99,2145590306
100,2134833470
101,2146190512
102,2189045743
103,2131886442
104,2113598310
105,2164995993
106,2165071762
107,2130470974
108,2183264543
109,2185460276
110,2105876795
111,2126382085
112,2160982067
113,2199504255
114,2123094528
115,2164655903
116,2185399512
117,2109373418
118,2199555559
119,2137405909
120,2182191630
121,2120282969
122,2129834818
123,2138480888
124,2191325633
125,2137922435
126,2141101524
127,2124300983
128,2135277196
129,2167630881
130,2100173194
131,2167410716
132,2172163598
133,2173501199
134,2133205908
135,2184937635
136,2146510501
137,2158167641
138,2155078876
139,2120363116
140,2165998950
141,2153634103
142,2145446012
143,2102641034
144,2104090441
145,2116125357
146,2110036934
147,2154880444
148,2183908292
149,2121359038
150,2162338700
151,2198081277
152,2159222663
153,2146915895
154,2190278982
155,2181443983
156,2185195757
157,2131658808
158,2136351910
159,2146370656
160,2186614031
161,2102800304
162,2152426569
163,2112941277
164,2187932780
165,2143146446
166,2103635367
167,2191660279
168,2180347372
169,2162171100
170,2167962641
171,2103800320
172,2107123676
173,2188559124
174,2140621422
175,2123002602
176,2152479216
177,2179736659
178,2112584740
179,2108983153
180,2172446475
181,2159674279
182,2161358697
183,2102006058
184,2191519403
185,2175863229
186,2153492020
187,2194449502
188,2191372103
189,2159988695
190,2137257355
191,2147077115
192,2100053019
193,2181334630
194,2183922461
195,2133272450
196,2179907911
197,2152401360
198,2161828447
199,2197394759
200,2150915174
201,2186930232
202,2167050914
203,2104498562
204,2146139377
205,2124322484
206,2135348294
207,2132598980
208,2180017876
209,2193055564
210,2146904176
211,2156456233
212,2178323441
213,2123860182
214,2124400133
215,2116521489
216,2120717624
217,2106602351
218,2117021981
219,2174881486
220,2127107750
221,2103745109
222,2183757553
223,2150503338
224,2130009956
225,2172860381
226,2162750943
227,2116374556
228,2108736095
229,2148460204
230,2189101965
231,2108970456
232,2119916185
233,2160591454
234,2108484784
235,2169798056
236,2104087439
237,2174989365
238,2117629392
239,2192294924
240,2101658604
241,2171778378
242,2177621728
243,2148276488
244,2161249903
245,2136310977
246,2163254901
247,2100496871
248,2109064981
249,2103584363
250,2158281869
251,2179571070
252,2148594103
253,2125741683
254,2168867647
255,2134115554
256,2120266750
257,2147990899
258,2196981033
259,2192920511
260,2128245066
261,2142908921
262,2111509830
263,2138445046
264,2189944490
265,2130614073
266,2193770660
267,2131664057
268,2174762647
269,2179165196
270,2134201616
271,2151267405
272,2101529449
273,2131189753
274,2137684686
275,2116786229
276,2180475331
277,2163192409
278,2138165040
279,2135518832
280,2176889045
281,2113973755
282,2155794080
283,2149344735
284,2146905390
285,2151270231
286,2143461699
287,2194719499
288,2115478506
289,2185650841
290,2157117509
291,2197439946
292,2187391764
293,2117535692
