DepartmentID,ShiftTypeName,ShiftDate,NurseAMK
1,Morning,2026-03-09,10000000180
1,Morning,2026-03-09,10000000181
1,Morning,2026-03-09,10000000182
1,Morning,2026-03-09,10000000183
1,Morning,2026-03-09,10000000184
1,Morning,2026-03-09,10000000185
1,Afternoon,2026-03-09,10000000186
1,Afternoon,2026-03-09,10000000187
1,Afternoon,2026-03-09,10000000188
1,Afternoon,2026-03-09,10000000189
1,Afternoon,2026-03-09,10000000190
1,Afternoon,2026-03-09,10000000191
1,Night,2026-03-09,10000000192
1,Night,2026-03-09,10000000193
1,Night,2026-03-09,10000000194
1,Night,2026-03-09,10000000195
1,Night,2026-03-09,10000000196
1,Night,2026-03-09,10000000197
1,Morning,2026-03-10,10000000180
1,Morning,2026-03-10,10000000181
1,Morning,2026-03-10,10000000182
1,Morning,2026-03-10,10000000183
1,Morning,2026-03-10,10000000184
1,Morning,2026-03-10,10000000185
1,Afternoon,2026-03-10,10000000186
1,Afternoon,2026-03-10,10000000187
1,Afternoon,2026-03-10,10000000188
1,Afternoon,2026-03-10,10000000189
1,Afternoon,2026-03-10,10000000190
1,Afternoon,2026-03-10,10000000191
1,Night,2026-03-10,10000000192
1,Night,2026-03-10,10000000193
1,Night,2026-03-10,10000000194
1,Night,2026-03-10,10000000195
1,Night,2026-03-10,10000000196
1,Night,2026-03-10,10000000197
1,Morning,2026-03-11,10000000180
1,Morning,2026-03-11,10000000181
1,Morning,2026-03-11,10000000182
1,Morning,2026-03-11,10000000183
1,Morning,2026-03-11,10000000184
1,Morning,2026-03-11,10000000185
1,Afternoon,2026-03-11,10000000186
1,Afternoon,2026-03-11,10000000187
1,Afternoon,2026-03-11,10000000188
1,Afternoon,2026-03-11,10000000189
1,Afternoon,2026-03-11,10000000190
1,Afternoon,2026-03-11,10000000191
1,Night,2026-03-11,10000000192
1,Night,2026-03-11,10000000193
1,Night,2026-03-11,10000000194
1,Night,2026-03-11,10000000195
1,Night,2026-03-11,10000000196
1,Night,2026-03-11,10000000197
1,Morning,2026-03-12,10000000180
1,Morning,2026-03-12,10000000181
1,Morning,2026-03-12,10000000182
1,Morning,2026-03-12,10000000183
1,Morning,2026-03-12,10000000184
1,Morning,2026-03-12,10000000185
1,Afternoon,2026-03-12,10000000186
1,Afternoon,2026-03-12,10000000187
1,Afternoon,2026-03-12,10000000188
1,Afternoon,2026-03-12,10000000189
1,Afternoon,2026-03-12,10000000190
1,Afternoon,2026-03-12,10000000191
1,Night,2026-03-12,10000000198
1,Night,2026-03-12,10000000199
1,Night,2026-03-12,10000000200
1,Night,2026-03-12,10000000201
1,Night,2026-03-12,10000000202
1,Night,2026-03-12,10000000203
1,Morning,2026-03-13,10000000180
1,Morning,2026-03-13,10000000181
1,Morning,2026-03-13,10000000182
1,Morning,2026-03-13,10000000183
1,Morning,2026-03-13,10000000184
1,Morning,2026-03-13,10000000185
1,Afternoon,2026-03-13,10000000186
1,Afternoon,2026-03-13,10000000187
1,Afternoon,2026-03-13,10000000188
1,Afternoon,2026-03-13,10000000189
1,Afternoon,2026-03-13,10000000190
1,Afternoon,2026-03-13,10000000191
1,Night,2026-03-13,10000000198
1,Night,2026-03-13,10000000199
1,Night,2026-03-13,10000000200
1,Night,2026-03-13,10000000201
1,Night,2026-03-13,10000000202
1,Night,2026-03-13,10000000203
1,Morning,2026-03-14,10000000180
1,Morning,2026-03-14,10000000181
1,Morning,2026-03-14,10000000182
1,Morning,2026-03-14,10000000183
1,Morning,2026-03-14,10000000184
1,Morning,2026-03-14,10000000185
1,Afternoon,2026-03-14,10000000186
1,Afternoon,2026-03-14,10000000187
1,Afternoon,2026-03-14,10000000188
1,Afternoon,2026-03-14,10000000189
1,Afternoon,2026-03-14,10000000190
1,Afternoon,2026-03-14,10000000191
1,Night,2026-03-14,10000000198
1,Night,2026-03-14,10000000199
1,Night,2026-03-14,10000000200
1,Night,2026-03-14,10000000201
1,Night,2026-03-14,10000000202
1,Night,2026-03-14,10000000203
1,Morning,2026-03-15,10000000180
1,Morning,2026-03-15,10000000181
1,Morning,2026-03-15,10000000182
1,Morning,2026-03-15,10000000183
1,Morning,2026-03-15,10000000184
1,Morning,2026-03-15,10000000185
1,Afternoon,2026-03-15,10000000186
1,Afternoon,2026-03-15,10000000187
1,Afternoon,2026-03-15,10000000188
1,Afternoon,2026-03-15,10000000189
1,Afternoon,2026-03-15,10000000190
1,Afternoon,2026-03-15,10000000191
1,Night,2026-03-15,10000000192
1,Night,2026-03-15,10000000193
1,Night,2026-03-15,10000000194
1,Night,2026-03-15,10000000195
1,Night,2026-03-15,10000000196
1,Night,2026-03-15,10000000197
2,Morning,2026-03-09,10000000204
2,Morning,2026-03-09,10000000205
2,Morning,2026-03-09,10000000206
2,Morning,2026-03-09,10000000207
2,Morning,2026-03-09,10000000208
2,Morning,2026-03-09,10000000209
2,Afternoon,2026-03-09,10000000210
2,Afternoon,2026-03-09,10000000211
2,Afternoon,2026-03-09,10000000212
2,Afternoon,2026-03-09,10000000213
2,Afternoon,2026-03-09,10000000214
2,Afternoon,2026-03-09,10000000215
2,Night,2026-03-09,10000000216
2,Night,2026-03-09,10000000217
2,Night,2026-03-09,10000000218
2,Night,2026-03-09,10000000219
2,Night,2026-03-09,10000000220
2,Night,2026-03-09,10000000221
2,Morning,2026-03-10,10000000204
2,Morning,2026-03-10,10000000205
2,Morning,2026-03-10,10000000206
2,Morning,2026-03-10,10000000207
2,Morning,2026-03-10,10000000208
2,Morning,2026-03-10,10000000209
2,Afternoon,2026-03-10,10000000210
2,Afternoon,2026-03-10,10000000211
2,Afternoon,2026-03-10,10000000212
2,Afternoon,2026-03-10,10000000213
2,Afternoon,2026-03-10,10000000214
2,Afternoon,2026-03-10,10000000215
2,Night,2026-03-10,10000000216
2,Night,2026-03-10,10000000217
2,Night,2026-03-10,10000000218
2,Night,2026-03-10,10000000219
2,Night,2026-03-10,10000000220
2,Night,2026-03-10,10000000221
2,Morning,2026-03-11,10000000204
2,Morning,2026-03-11,10000000205
2,Morning,2026-03-11,10000000206
2,Morning,2026-03-11,10000000207
2,Morning,2026-03-11,10000000208
2,Morning,2026-03-11,10000000209
2,Afternoon,2026-03-11,10000000210
2,Afternoon,2026-03-11,10000000211
2,Afternoon,2026-03-11,10000000212
2,Afternoon,2026-03-11,10000000213
2,Afternoon,2026-03-11,10000000214
2,Afternoon,2026-03-11,10000000215
2,Night,2026-03-11,10000000216
2,Night,2026-03-11,10000000217
2,Night,2026-03-11,10000000218
2,Night,2026-03-11,10000000219
2,Night,2026-03-11,10000000220
2,Night,2026-03-11,10000000221
2,Morning,2026-03-12,10000000204
2,Morning,2026-03-12,10000000205
2,Morning,2026-03-12,10000000206
2,Morning,2026-03-12,10000000207
2,Morning,2026-03-12,10000000208
2,Morning,2026-03-12,10000000209
2,Afternoon,2026-03-12,10000000210
2,Afternoon,2026-03-12,10000000211
2,Afternoon,2026-03-12,10000000212
2,Afternoon,2026-03-12,10000000213
2,Afternoon,2026-03-12,10000000214
2,Afternoon,2026-03-12,10000000215
2,Night,2026-03-12,10000000222
2,Night,2026-03-12,10000000223
2,Night,2026-03-12,10000000224
2,Night,2026-03-12,10000000225
2,Night,2026-03-12,10000000226
2,Night,2026-03-12,10000000227
2,Morning,2026-03-13,10000000204
2,Morning,2026-03-13,10000000205
2,Morning,2026-03-13,10000000206
2,Morning,2026-03-13,10000000207
2,Morning,2026-03-13,10000000208
2,Morning,2026-03-13,10000000209
2,Afternoon,2026-03-13,10000000210
2,Afternoon,2026-03-13,10000000211
2,Afternoon,2026-03-13,10000000212
2,Afternoon,2026-03-13,10000000213
2,Afternoon,2026-03-13,10000000214
2,Afternoon,2026-03-13,10000000215
2,Night,2026-03-13,10000000222
2,Night,2026-03-13,10000000223
2,Night,2026-03-13,10000000224
2,Night,2026-03-13,10000000225
2,Night,2026-03-13,10000000226
2,Night,2026-03-13,10000000227
2,Morning,2026-03-14,10000000204
2,Morning,2026-03-14,10000000205
2,Morning,2026-03-14,10000000206
2,Morning,2026-03-14,10000000207
2,Morning,2026-03-14,10000000208
2,Morning,2026-03-14,10000000209
2,Afternoon,2026-03-14,10000000210
2,Afternoon,2026-03-14,10000000211
2,Afternoon,2026-03-14,10000000212
2,Afternoon,2026-03-14,10000000213
2,Afternoon,2026-03-14,10000000214
2,Afternoon,2026-03-14,10000000215
2,Night,2026-03-14,10000000222
2,Night,2026-03-14,10000000223
2,Night,2026-03-14,10000000224
2,Night,2026-03-14,10000000225
2,Night,2026-03-14,10000000226
2,Night,2026-03-14,10000000227
2,Morning,2026-03-15,10000000204
2,Morning,2026-03-15,10000000205
2,Morning,2026-03-15,10000000206
2,Morning,2026-03-15,10000000207
2,Morning,2026-03-15,10000000208
2,Morning,2026-03-15,10000000209
2,Afternoon,2026-03-15,10000000210
2,Afternoon,2026-03-15,10000000211
2,Afternoon,2026-03-15,10000000212
2,Afternoon,2026-03-15,10000000213
2,Afternoon,2026-03-15,10000000214
2,Afternoon,2026-03-15,10000000215
2,Night,2026-03-15,10000000216
2,Night,2026-03-15,10000000217
2,Night,2026-03-15,10000000218
2,Night,2026-03-15,10000000219
2,Night,2026-03-15,10000000220
2,Night,2026-03-15,10000000221
3,Morning,2026-03-09,10000000228
3,Morning,2026-03-09,10000000229
3,Morning,2026-03-09,10000000230
3,Morning,2026-03-09,10000000231
3,Morning,2026-03-09,10000000232
3,Morning,2026-03-09,10000000233
3,Afternoon,2026-03-09,10000000234
3,Afternoon,2026-03-09,10000000235
3,Afternoon,2026-03-09,10000000236
3,Afternoon,2026-03-09,10000000237
3,Afternoon,2026-03-09,10000000238
3,Afternoon,2026-03-09,10000000239
3,Night,2026-03-09,10000000240
3,Night,2026-03-09,10000000241
3,Night,2026-03-09,10000000242
3,Night,2026-03-09,10000000243
3,Night,2026-03-09,10000000244
3,Night,2026-03-09,10000000245
3,Morning,2026-03-10,10000000228
3,Morning,2026-03-10,10000000229
3,Morning,2026-03-10,10000000230
3,Morning,2026-03-10,10000000231
3,Morning,2026-03-10,10000000232
3,Morning,2026-03-10,10000000233
3,Afternoon,2026-03-10,10000000234
3,Afternoon,2026-03-10,10000000235
3,Afternoon,2026-03-10,10000000236
3,Afternoon,2026-03-10,10000000237
3,Afternoon,2026-03-10,10000000238
3,Afternoon,2026-03-10,10000000239
3,Night,2026-03-10,10000000240
3,Night,2026-03-10,10000000241
3,Night,2026-03-10,10000000242
3,Night,2026-03-10,10000000243
3,Night,2026-03-10,10000000244
3,Night,2026-03-10,10000000245
3,Morning,2026-03-11,10000000228
3,Morning,2026-03-11,10000000229
3,Morning,2026-03-11,10000000230
3,Morning,2026-03-11,10000000231
3,Morning,2026-03-11,10000000232
3,Morning,2026-03-11,10000000233
3,Afternoon,2026-03-11,10000000234
3,Afternoon,2026-03-11,10000000235
3,Afternoon,2026-03-11,10000000236
3,Afternoon,2026-03-11,10000000237
3,Afternoon,2026-03-11,10000000238
3,Afternoon,2026-03-11,10000000239
3,Night,2026-03-11,10000000240
3,Night,2026-03-11,10000000241
3,Night,2026-03-11,10000000242
3,Night,2026-03-11,10000000243
3,Night,2026-03-11,10000000244
3,Night,2026-03-11,10000000245
3,Morning,2026-03-12,10000000228
3,Morning,2026-03-12,10000000229
3,Morning,2026-03-12,10000000230
3,Morning,2026-03-12,10000000231
3,Morning,2026-03-12,10000000232
3,Morning,2026-03-12,10000000233
3,Afternoon,2026-03-12,10000000234
3,Afternoon,2026-03-12,10000000235
3,Afternoon,2026-03-12,10000000236
3,Afternoon,2026-03-12,10000000237
3,Afternoon,2026-03-12,10000000238
3,Afternoon,2026-03-12,10000000239
3,Night,2026-03-12,10000000246
3,Night,2026-03-12,10000000247
3,Night,2026-03-12,10000000248
3,Night,2026-03-12,10000000249
3,Night,2026-03-12,10000000250
3,Night,2026-03-12,10000000251
3,Morning,2026-03-13,10000000228
3,Morning,2026-03-13,10000000229
3,Morning,2026-03-13,10000000230
3,Morning,2026-03-13,10000000231
3,Morning,2026-03-13,10000000232
3,Morning,2026-03-13,10000000233
3,Afternoon,2026-03-13,10000000234
3,Afternoon,2026-03-13,10000000235
3,Afternoon,2026-03-13,10000000236
3,Afternoon,2026-03-13,10000000237
3,Afternoon,2026-03-13,10000000238
3,Afternoon,2026-03-13,10000000239
3,Night,2026-03-13,10000000246
3,Night,2026-03-13,10000000247
3,Night,2026-03-13,10000000248
3,Night,2026-03-13,10000000249
3,Night,2026-03-13,10000000250
3,Night,2026-03-13,10000000251
3,Morning,2026-03-14,10000000228
3,Morning,2026-03-14,10000000229
3,Morning,2026-03-14,10000000230
3,Morning,2026-03-14,10000000231
3,Morning,2026-03-14,10000000232
3,Morning,2026-03-14,10000000233
3,Afternoon,2026-03-14,10000000234
3,Afternoon,2026-03-14,10000000235
3,Afternoon,2026-03-14,10000000236
3,Afternoon,2026-03-14,10000000237
3,Afternoon,2026-03-14,10000000238
3,Afternoon,2026-03-14,10000000239
3,Night,2026-03-14,10000000246
3,Night,2026-03-14,10000000247
3,Night,2026-03-14,10000000248
3,Night,2026-03-14,10000000249
3,Night,2026-03-14,10000000250
3,Night,2026-03-14,10000000251
3,Morning,2026-03-15,10000000228
3,Morning,2026-03-15,10000000229
3,Morning,2026-03-15,10000000230
3,Morning,2026-03-15,10000000231
3,Morning,2026-03-15,10000000232
3,Morning,2026-03-15,10000000233
3,Afternoon,2026-03-15,10000000234
3,Afternoon,2026-03-15,10000000235
3,Afternoon,2026-03-15,10000000236
3,Afternoon,2026-03-15,10000000237
3,Afternoon,2026-03-15,10000000238
3,Afternoon,2026-03-15,10000000239
3,Night,2026-03-15,10000000240
3,Night,2026-03-15,10000000241
3,Night,2026-03-15,10000000242
3,Night,2026-03-15,10000000243
3,Night,2026-03-15,10000000244
3,Night,2026-03-15,10000000245
4,Morning,2026-03-09,10000000252
4,Morning,2026-03-09,10000000253
4,Morning,2026-03-09,10000000254
4,Morning,2026-03-09,10000000255
4,Morning,2026-03-09,10000000256
4,Morning,2026-03-09,10000000257
4,Afternoon,2026-03-09,10000000258
4,Afternoon,2026-03-09,10000000259
4,Afternoon,2026-03-09,10000000260
4,Afternoon,2026-03-09,10000000261
4,Afternoon,2026-03-09,10000000262
4,Afternoon,2026-03-09,10000000263
4,Night,2026-03-09,10000000264
4,Night,2026-03-09,10000000265
4,Night,2026-03-09,10000000266
4,Night,2026-03-09,10000000267
4,Night,2026-03-09,10000000268
4,Night,2026-03-09,10000000269
4,Morning,2026-03-10,10000000252
4,Morning,2026-03-10,10000000253
4,Morning,2026-03-10,10000000254
4,Morning,2026-03-10,10000000255
4,Morning,2026-03-10,10000000256
4,Morning,2026-03-10,10000000257
4,Afternoon,2026-03-10,10000000258
4,Afternoon,2026-03-10,10000000259
4,Afternoon,2026-03-10,10000000260
4,Afternoon,2026-03-10,10000000261
4,Afternoon,2026-03-10,10000000262
4,Afternoon,2026-03-10,10000000263
4,Night,2026-03-10,10000000264
4,Night,2026-03-10,10000000265
4,Night,2026-03-10,10000000266
4,Night,2026-03-10,10000000267
4,Night,2026-03-10,10000000268
4,Night,2026-03-10,10000000269
4,Morning,2026-03-11,10000000252
4,Morning,2026-03-11,10000000253
4,Morning,2026-03-11,10000000254
4,Morning,2026-03-11,10000000255
4,Morning,2026-03-11,10000000256
4,Morning,2026-03-11,10000000257
4,Afternoon,2026-03-11,10000000258
4,Afternoon,2026-03-11,10000000259
4,Afternoon,2026-03-11,10000000260
4,Afternoon,2026-03-11,10000000261
4,Afternoon,2026-03-11,10000000262
4,Afternoon,2026-03-11,10000000263
4,Night,2026-03-11,10000000264
4,Night,2026-03-11,10000000265
4,Night,2026-03-11,10000000266
4,Night,2026-03-11,10000000267
4,Night,2026-03-11,10000000268
4,Night,2026-03-11,10000000269
4,Morning,2026-03-12,10000000252
4,Morning,2026-03-12,10000000253
4,Morning,2026-03-12,10000000254
4,Morning,2026-03-12,10000000255
4,Morning,2026-03-12,10000000256
4,Morning,2026-03-12,10000000257
4,Afternoon,2026-03-12,10000000258
4,Afternoon,2026-03-12,10000000259
4,Afternoon,2026-03-12,10000000260
4,Afternoon,2026-03-12,10000000261
4,Afternoon,2026-03-12,10000000262
4,Afternoon,2026-03-12,10000000263
4,Night,2026-03-12,10000000270
4,Night,2026-03-12,10000000271
4,Night,2026-03-12,10000000272
4,Night,2026-03-12,10000000273
4,Night,2026-03-12,10000000274
4,Night,2026-03-12,10000000275
4,Morning,2026-03-13,10000000252
4,Morning,2026-03-13,10000000253
4,Morning,2026-03-13,10000000254
4,Morning,2026-03-13,10000000255
4,Morning,2026-03-13,10000000256
4,Morning,2026-03-13,10000000257
4,Afternoon,2026-03-13,10000000258
4,Afternoon,2026-03-13,10000000259
4,Afternoon,2026-03-13,10000000260
4,Afternoon,2026-03-13,10000000261
4,Afternoon,2026-03-13,10000000262
4,Afternoon,2026-03-13,10000000263
4,Night,2026-03-13,10000000270
4,Night,2026-03-13,10000000271
4,Night,2026-03-13,10000000272
4,Night,2026-03-13,10000000273
4,Night,2026-03-13,10000000274
4,Night,2026-03-13,10000000275
4,Morning,2026-03-14,10000000252
4,Morning,2026-03-14,10000000253
4,Morning,2026-03-14,10000000254
4,Morning,2026-03-14,10000000255
4,Morning,2026-03-14,10000000256
4,Morning,2026-03-14,10000000257
4,Afternoon,2026-03-14,10000000258
4,Afternoon,2026-03-14,10000000259
4,Afternoon,2026-03-14,10000000260
4,Afternoon,2026-03-14,10000000261
4,Afternoon,2026-03-14,10000000262
4,Afternoon,2026-03-14,10000000263
4,Night,2026-03-14,10000000270
4,Night,2026-03-14,10000000271
4,Night,2026-03-14,10000000272
4,Night,2026-03-14,10000000273
4,Night,2026-03-14,10000000274
4,Night,2026-03-14,10000000275
4,Morning,2026-03-15,10000000252
4,Morning,2026-03-15,10000000253
4,Morning,2026-03-15,10000000254
4,Morning,2026-03-15,10000000255
4,Morning,2026-03-15,10000000256
4,Morning,2026-03-15,10000000257
4,Afternoon,2026-03-15,10000000258
4,Afternoon,2026-03-15,10000000259
4,Afternoon,2026-03-15,10000000260
4,Afternoon,2026-03-15,10000000261
4,Afternoon,2026-03-15,10000000262
4,Afternoon,2026-03-15,10000000263
4,Night,2026-03-15,10000000264
4,Night,2026-03-15,10000000265
4,Night,2026-03-15,10000000266
4,Night,2026-03-15,10000000267
4,Night,2026-03-15,10000000268
4,Night,2026-03-15,10000000269
5,Morning,2026-03-09,10000000276
5,Morning,2026-03-09,10000000277
5,Morning,2026-03-09,10000000278
5,Morning,2026-03-09,10000000279
5,Morning,2026-03-09,10000000280
5,Morning,2026-03-09,10000000281
5,Afternoon,2026-03-09,10000000282
5,Afternoon,2026-03-09,10000000283
5,Afternoon,2026-03-09,10000000284
5,Afternoon,2026-03-09,10000000285
5,Afternoon,2026-03-09,10000000286
5,Afternoon,2026-03-09,10000000287
5,Night,2026-03-09,10000000288
5,Night,2026-03-09,10000000289
5,Night,2026-03-09,10000000290
5,Night,2026-03-09,10000000291
5,Night,2026-03-09,10000000292
5,Night,2026-03-09,10000000293
5,Morning,2026-03-10,10000000276
5,Morning,2026-03-10,10000000277
5,Morning,2026-03-10,10000000278
5,Morning,2026-03-10,10000000279
5,Morning,2026-03-10,10000000280
5,Morning,2026-03-10,10000000281
5,Afternoon,2026-03-10,10000000282
5,Afternoon,2026-03-10,10000000283
5,Afternoon,2026-03-10,10000000284
5,Afternoon,2026-03-10,10000000285
5,Afternoon,2026-03-10,10000000286
5,Afternoon,2026-03-10,10000000287
5,Night,2026-03-10,10000000288
5,Night,2026-03-10,10000000289
5,Night,2026-03-10,10000000290
5,Night,2026-03-10,10000000291
5,Night,2026-03-10,10000000292
5,Night,2026-03-10,10000000293
5,Morning,2026-03-11,10000000276
5,Morning,2026-03-11,10000000277
5,Morning,2026-03-11,10000000278
5,Morning,2026-03-11,10000000279
5,Morning,2026-03-11,10000000280
5,Morning,2026-03-11,10000000281
5,Afternoon,2026-03-11,10000000282
5,Afternoon,2026-03-11,10000000283
5,Afternoon,2026-03-11,10000000284
5,Afternoon,2026-03-11,10000000285
5,Afternoon,2026-03-11,10000000286
5,Afternoon,2026-03-11,10000000287
5,Night,2026-03-11,10000000288
5,Night,2026-03-11,10000000289
5,Night,2026-03-11,10000000290
5,Night,2026-03-11,10000000291
5,Night,2026-03-11,10000000292
5,Night,2026-03-11,10000000293
5,Morning,2026-03-12,10000000276
5,Morning,2026-03-12,10000000277
5,Morning,2026-03-12,10000000278
5,Morning,2026-03-12,10000000279
5,Morning,2026-03-12,10000000280
5,Morning,2026-03-12,10000000281
5,Afternoon,2026-03-12,10000000282
5,Afternoon,2026-03-12,10000000283
5,Afternoon,2026-03-12,10000000284
5,Afternoon,2026-03-12,10000000285
5,Afternoon,2026-03-12,10000000286
5,Afternoon,2026-03-12,10000000287
5,Night,2026-03-12,10000000294
5,Night,2026-03-12,10000000295
5,Night,2026-03-12,10000000296
5,Night,2026-03-12,10000000297
5,Night,2026-03-12,10000000298
5,Night,2026-03-12,10000000299
5,Morning,2026-03-13,10000000276
5,Morning,2026-03-13,10000000277
5,Morning,2026-03-13,10000000278
5,Morning,2026-03-13,10000000279
5,Morning,2026-03-13,10000000280
5,Morning,2026-03-13,10000000281
5,Afternoon,2026-03-13,10000000282
5,Afternoon,2026-03-13,10000000283
5,Afternoon,2026-03-13,10000000284
5,Afternoon,2026-03-13,10000000285
5,Afternoon,2026-03-13,10000000286
5,Afternoon,2026-03-13,10000000287
5,Night,2026-03-13,10000000294
5,Night,2026-03-13,10000000295
5,Night,2026-03-13,10000000296
5,Night,2026-03-13,10000000297
5,Night,2026-03-13,10000000298
5,Night,2026-03-13,10000000299
5,Morning,2026-03-14,10000000276
5,Morning,2026-03-14,10000000277
5,Morning,2026-03-14,10000000278
5,Morning,2026-03-14,10000000279
5,Morning,2026-03-14,10000000280
5,Morning,2026-03-14,10000000281
5,Afternoon,2026-03-14,10000000282
5,Afternoon,2026-03-14,10000000283
5,Afternoon,2026-03-14,10000000284
5,Afternoon,2026-03-14,10000000285
5,Afternoon,2026-03-14,10000000286
5,Afternoon,2026-03-14,10000000287
5,Night,2026-03-14,10000000294
5,Night,2026-03-14,10000000295
5,Night,2026-03-14,10000000296
5,Night,2026-03-14,10000000297
5,Night,2026-03-14,10000000298
5,Night,2026-03-14,10000000299
5,Morning,2026-03-15,10000000276
5,Morning,2026-03-15,10000000277
5,Morning,2026-03-15,10000000278
5,Morning,2026-03-15,10000000279
5,Morning,2026-03-15,10000000280
5,Morning,2026-03-15,10000000281
5,Afternoon,2026-03-15,10000000282
5,Afternoon,2026-03-15,10000000283
5,Afternoon,2026-03-15,10000000284
5,Afternoon,2026-03-15,10000000285
5,Afternoon,2026-03-15,10000000286
5,Afternoon,2026-03-15,10000000287
5,Night,2026-03-15,10000000288
5,Night,2026-03-15,10000000289
5,Night,2026-03-15,10000000290
5,Night,2026-03-15,10000000291
5,Night,2026-03-15,10000000292
5,Night,2026-03-15,10000000293
6,Morning,2026-03-09,10000000300
6,Morning,2026-03-09,10000000301
6,Morning,2026-03-09,10000000302
6,Morning,2026-03-09,10000000303
6,Morning,2026-03-09,10000000304
6,Morning,2026-03-09,10000000305
6,Afternoon,2026-03-09,10000000306
6,Afternoon,2026-03-09,10000000307
6,Afternoon,2026-03-09,10000000308
6,Afternoon,2026-03-09,10000000309
6,Afternoon,2026-03-09,10000000310
6,Afternoon,2026-03-09,10000000311
6,Night,2026-03-09,10000000312
6,Night,2026-03-09,10000000313
6,Night,2026-03-09,10000000314
6,Night,2026-03-09,10000000315
6,Night,2026-03-09,10000000316
6,Night,2026-03-09,10000000317
6,Morning,2026-03-10,10000000300
6,Morning,2026-03-10,10000000301
6,Morning,2026-03-10,10000000302
6,Morning,2026-03-10,10000000303
6,Morning,2026-03-10,10000000304
6,Morning,2026-03-10,10000000305
6,Afternoon,2026-03-10,10000000306
6,Afternoon,2026-03-10,10000000307
6,Afternoon,2026-03-10,10000000308
6,Afternoon,2026-03-10,10000000309
6,Afternoon,2026-03-10,10000000310
6,Afternoon,2026-03-10,10000000311
6,Night,2026-03-10,10000000312
6,Night,2026-03-10,10000000313
6,Night,2026-03-10,10000000314
6,Night,2026-03-10,10000000315
6,Night,2026-03-10,10000000316
6,Night,2026-03-10,10000000317
6,Morning,2026-03-11,10000000300
6,Morning,2026-03-11,10000000301
6,Morning,2026-03-11,10000000302
6,Morning,2026-03-11,10000000303
6,Morning,2026-03-11,10000000304
6,Morning,2026-03-11,10000000305
6,Afternoon,2026-03-11,10000000306
6,Afternoon,2026-03-11,10000000307
6,Afternoon,2026-03-11,10000000308
6,Afternoon,2026-03-11,10000000309
6,Afternoon,2026-03-11,10000000310
6,Afternoon,2026-03-11,10000000311
6,Night,2026-03-11,10000000312
6,Night,2026-03-11,10000000313
6,Night,2026-03-11,10000000314
6,Night,2026-03-11,10000000315
6,Night,2026-03-11,10000000316
6,Night,2026-03-11,10000000317
6,Morning,2026-03-12,10000000300
6,Morning,2026-03-12,10000000301
6,Morning,2026-03-12,10000000302
6,Morning,2026-03-12,10000000303
6,Morning,2026-03-12,10000000304
6,Morning,2026-03-12,10000000305
6,Afternoon,2026-03-12,10000000306
6,Afternoon,2026-03-12,10000000307
6,Afternoon,2026-03-12,10000000308
6,Afternoon,2026-03-12,10000000309
6,Afternoon,2026-03-12,10000000310
6,Afternoon,2026-03-12,10000000311
6,Night,2026-03-12,10000000318
6,Night,2026-03-12,10000000319
6,Night,2026-03-12,10000000320
6,Night,2026-03-12,10000000321
6,Night,2026-03-12,10000000322
6,Night,2026-03-12,10000000323
6,Morning,2026-03-13,10000000300
6,Morning,2026-03-13,10000000301
6,Morning,2026-03-13,10000000302
6,Morning,2026-03-13,10000000303
6,Morning,2026-03-13,10000000304
6,Morning,2026-03-13,10000000305
6,Afternoon,2026-03-13,10000000306
6,Afternoon,2026-03-13,10000000307
6,Afternoon,2026-03-13,10000000308
6,Afternoon,2026-03-13,10000000309
6,Afternoon,2026-03-13,10000000310
6,Afternoon,2026-03-13,10000000311
6,Night,2026-03-13,10000000318
6,Night,2026-03-13,10000000319
6,Night,2026-03-13,10000000320
6,Night,2026-03-13,10000000321
6,Night,2026-03-13,10000000322
6,Night,2026-03-13,10000000323
6,Morning,2026-03-14,10000000300
6,Morning,2026-03-14,10000000301
6,Morning,2026-03-14,10000000302
6,Morning,2026-03-14,10000000303
6,Morning,2026-03-14,10000000304
6,Morning,2026-03-14,10000000305
6,Afternoon,2026-03-14,10000000306
6,Afternoon,2026-03-14,10000000307
6,Afternoon,2026-03-14,10000000308
6,Afternoon,2026-03-14,10000000309
6,Afternoon,2026-03-14,10000000310
6,Afternoon,2026-03-14,10000000311
6,Night,2026-03-14,10000000318
6,Night,2026-03-14,10000000319
6,Night,2026-03-14,10000000320
6,Night,2026-03-14,10000000321
6,Night,2026-03-14,10000000322
6,Night,2026-03-14,10000000323
6,Morning,2026-03-15,10000000300
6,Morning,2026-03-15,10000000301
6,Morning,2026-03-15,10000000302
6,Morning,2026-03-15,10000000303
6,Morning,2026-03-15,10000000304
6,Morning,2026-03-15,10000000305
6,Afternoon,2026-03-15,10000000306
6,Afternoon,2026-03-15,10000000307
6,Afternoon,2026-03-15,10000000308
6,Afternoon,2026-03-15,10000000309
6,Afternoon,2026-03-15,10000000310
6,Afternoon,2026-03-15,10000000311
6,Night,2026-03-15,10000000312
6,Night,2026-03-15,10000000313
6,Night,2026-03-15,10000000314
6,Night,2026-03-15,10000000315
6,Night,2026-03-15,10000000316
6,Night,2026-03-15,10000000317
7,Morning,2026-03-09,10000000324
7,Morning,2026-03-09,10000000325
7,Morning,2026-03-09,10000000326
7,Morning,2026-03-09,10000000327
7,Morning,2026-03-09,10000000328
7,Morning,2026-03-09,10000000329
7,Afternoon,2026-03-09,10000000330
7,Afternoon,2026-03-09,10000000331
7,Afternoon,2026-03-09,10000000332
7,Afternoon,2026-03-09,10000000333
7,Afternoon,2026-03-09,10000000334
7,Afternoon,2026-03-09,10000000335
7,Night,2026-03-09,10000000336
7,Night,2026-03-09,10000000337
7,Night,2026-03-09,10000000338
7,Night,2026-03-09,10000000339
7,Night,2026-03-09,10000000340
7,Night,2026-03-09,10000000341
7,Morning,2026-03-10,10000000324
7,Morning,2026-03-10,10000000325
7,Morning,2026-03-10,10000000326
7,Morning,2026-03-10,10000000327
7,Morning,2026-03-10,10000000328
7,Morning,2026-03-10,10000000329
7,Afternoon,2026-03-10,10000000330
7,Afternoon,2026-03-10,10000000331
7,Afternoon,2026-03-10,10000000332
7,Afternoon,2026-03-10,10000000333
7,Afternoon,2026-03-10,10000000334
7,Afternoon,2026-03-10,10000000335
7,Night,2026-03-10,10000000336
7,Night,2026-03-10,10000000337
7,Night,2026-03-10,10000000338
7,Night,2026-03-10,10000000339
7,Night,2026-03-10,10000000340
7,Night,2026-03-10,10000000341
7,Morning,2026-03-11,10000000324
7,Morning,2026-03-11,10000000325
7,Morning,2026-03-11,10000000326
7,Morning,2026-03-11,10000000327
7,Morning,2026-03-11,10000000328
7,Morning,2026-03-11,10000000329
7,Afternoon,2026-03-11,10000000330
7,Afternoon,2026-03-11,10000000331
7,Afternoon,2026-03-11,10000000332
7,Afternoon,2026-03-11,10000000333
7,Afternoon,2026-03-11,10000000334
7,Afternoon,2026-03-11,10000000335
7,Night,2026-03-11,10000000336
7,Night,2026-03-11,10000000337
7,Night,2026-03-11,10000000338
7,Night,2026-03-11,10000000339
7,Night,2026-03-11,10000000340
7,Night,2026-03-11,10000000341
7,Morning,2026-03-12,10000000324
7,Morning,2026-03-12,10000000325
7,Morning,2026-03-12,10000000326
7,Morning,2026-03-12,10000000327
7,Morning,2026-03-12,10000000328
7,Morning,2026-03-12,10000000329
7,Afternoon,2026-03-12,10000000330
7,Afternoon,2026-03-12,10000000331
7,Afternoon,2026-03-12,10000000332
7,Afternoon,2026-03-12,10000000333
7,Afternoon,2026-03-12,10000000334
7,Afternoon,2026-03-12,10000000335
7,Night,2026-03-12,10000000342
7,Night,2026-03-12,10000000343
7,Night,2026-03-12,10000000344
7,Night,2026-03-12,10000000345
7,Night,2026-03-12,10000000346
7,Night,2026-03-12,10000000347
7,Morning,2026-03-13,10000000324
7,Morning,2026-03-13,10000000325
7,Morning,2026-03-13,10000000326
7,Morning,2026-03-13,10000000327
7,Morning,2026-03-13,10000000328
7,Morning,2026-03-13,10000000329
7,Afternoon,2026-03-13,10000000330
7,Afternoon,2026-03-13,10000000331
7,Afternoon,2026-03-13,10000000332
7,Afternoon,2026-03-13,10000000333
7,Afternoon,2026-03-13,10000000334
7,Afternoon,2026-03-13,10000000335
7,Night,2026-03-13,10000000342
7,Night,2026-03-13,10000000343
7,Night,2026-03-13,10000000344
7,Night,2026-03-13,10000000345
7,Night,2026-03-13,10000000346
7,Night,2026-03-13,10000000347
7,Morning,2026-03-14,10000000324
7,Morning,2026-03-14,10000000325
7,Morning,2026-03-14,10000000326
7,Morning,2026-03-14,10000000327
7,Morning,2026-03-14,10000000328
7,Morning,2026-03-14,10000000329
7,Afternoon,2026-03-14,10000000330
7,Afternoon,2026-03-14,10000000331
7,Afternoon,2026-03-14,10000000332
7,Afternoon,2026-03-14,10000000333
7,Afternoon,2026-03-14,10000000334
7,Afternoon,2026-03-14,10000000335
7,Night,2026-03-14,10000000342
7,Night,2026-03-14,10000000343
7,Night,2026-03-14,10000000344
7,Night,2026-03-14,10000000345
7,Night,2026-03-14,10000000346
7,Night,2026-03-14,10000000347
7,Morning,2026-03-15,10000000324
7,Morning,2026-03-15,10000000325
7,Morning,2026-03-15,10000000326
7,Morning,2026-03-15,10000000327
7,Morning,2026-03-15,10000000328
7,Morning,2026-03-15,10000000329
7,Afternoon,2026-03-15,10000000330
7,Afternoon,2026-03-15,10000000331
7,Afternoon,2026-03-15,10000000332
7,Afternoon,2026-03-15,10000000333
7,Afternoon,2026-03-15,10000000334
7,Afternoon,2026-03-15,10000000335
7,Night,2026-03-15,10000000336
7,Night,2026-03-15,10000000337
7,Night,2026-03-15,10000000338
7,Night,2026-03-15,10000000339
7,Night,2026-03-15,10000000340
7,Night,2026-03-15,10000000341
8,Morning,2026-03-09,10000000348
8,Morning,2026-03-09,10000000349
8,Morning,2026-03-09,10000000350
8,Morning,2026-03-09,10000000351
8,Morning,2026-03-09,10000000352
8,Morning,2026-03-09,10000000353
8,Afternoon,2026-03-09,10000000354
8,Afternoon,2026-03-09,10000000355
8,Afternoon,2026-03-09,10000000356
8,Afternoon,2026-03-09,10000000357
8,Afternoon,2026-03-09,10000000358
8,Afternoon,2026-03-09,10000000359
8,Night,2026-03-09,10000000360
8,Night,2026-03-09,10000000361
8,Night,2026-03-09,10000000362
8,Night,2026-03-09,10000000363
8,Night,2026-03-09,10000000364
8,Night,2026-03-09,10000000365
8,Morning,2026-03-10,10000000348
8,Morning,2026-03-10,10000000349
8,Morning,2026-03-10,10000000350
8,Morning,2026-03-10,10000000351
8,Morning,2026-03-10,10000000352
8,Morning,2026-03-10,10000000353
8,Afternoon,2026-03-10,10000000354
8,Afternoon,2026-03-10,10000000355
8,Afternoon,2026-03-10,10000000356
8,Afternoon,2026-03-10,10000000357
8,Afternoon,2026-03-10,10000000358
8,Afternoon,2026-03-10,10000000359
8,Night,2026-03-10,10000000360
8,Night,2026-03-10,10000000361
8,Night,2026-03-10,10000000362
8,Night,2026-03-10,10000000363
8,Night,2026-03-10,10000000364
8,Night,2026-03-10,10000000365
8,Morning,2026-03-11,10000000348
8,Morning,2026-03-11,10000000349
8,Morning,2026-03-11,10000000350
8,Morning,2026-03-11,10000000351
8,Morning,2026-03-11,10000000352
8,Morning,2026-03-11,10000000353
8,Afternoon,2026-03-11,10000000354
8,Afternoon,2026-03-11,10000000355
8,Afternoon,2026-03-11,10000000356
8,Afternoon,2026-03-11,10000000357
8,Afternoon,2026-03-11,10000000358
8,Afternoon,2026-03-11,10000000359
8,Night,2026-03-11,10000000360
8,Night,2026-03-11,10000000361
8,Night,2026-03-11,10000000362
8,Night,2026-03-11,10000000363
8,Night,2026-03-11,10000000364
8,Night,2026-03-11,10000000365
8,Morning,2026-03-12,10000000348
8,Morning,2026-03-12,10000000349
8,Morning,2026-03-12,10000000350
8,Morning,2026-03-12,10000000351
8,Morning,2026-03-12,10000000352
8,Morning,2026-03-12,10000000353
8,Afternoon,2026-03-12,10000000354
8,Afternoon,2026-03-12,10000000355
8,Afternoon,2026-03-12,10000000356
8,Afternoon,2026-03-12,10000000357
8,Afternoon,2026-03-12,10000000358
8,Afternoon,2026-03-12,10000000359
8,Night,2026-03-12,10000000366
8,Night,2026-03-12,10000000367
8,Night,2026-03-12,10000000368
8,Night,2026-03-12,10000000369
8,Night,2026-03-12,10000000370
8,Night,2026-03-12,10000000371
8,Morning,2026-03-13,10000000348
8,Morning,2026-03-13,10000000349
8,Morning,2026-03-13,10000000350
8,Morning,2026-03-13,10000000351
8,Morning,2026-03-13,10000000352
8,Morning,2026-03-13,10000000353
8,Afternoon,2026-03-13,10000000354
8,Afternoon,2026-03-13,10000000355
8,Afternoon,2026-03-13,10000000356
8,Afternoon,2026-03-13,10000000357
8,Afternoon,2026-03-13,10000000358
8,Afternoon,2026-03-13,10000000359
8,Night,2026-03-13,10000000366
8,Night,2026-03-13,10000000367
8,Night,2026-03-13,10000000368
8,Night,2026-03-13,10000000369
8,Night,2026-03-13,10000000370
8,Night,2026-03-13,10000000371
8,Morning,2026-03-14,10000000348
8,Morning,2026-03-14,10000000349
8,Morning,2026-03-14,10000000350
8,Morning,2026-03-14,10000000351
8,Morning,2026-03-14,10000000352
8,Morning,2026-03-14,10000000353
8,Afternoon,2026-03-14,10000000354
8,Afternoon,2026-03-14,10000000355
8,Afternoon,2026-03-14,10000000356
8,Afternoon,2026-03-14,10000000357
8,Afternoon,2026-03-14,10000000358
8,Afternoon,2026-03-14,10000000359
8,Night,2026-03-14,10000000366
8,Night,2026-03-14,10000000367
8,Night,2026-03-14,10000000368
8,Night,2026-03-14,10000000369
8,Night,2026-03-14,10000000370
8,Night,2026-03-14,10000000371
8,Morning,2026-03-15,10000000348
8,Morning,2026-03-15,10000000349
8,Morning,2026-03-15,10000000350
8,Morning,2026-03-15,10000000351
8,Morning,2026-03-15,10000000352
8,Morning,2026-03-15,10000000353
8,Afternoon,2026-03-15,10000000354
8,Afternoon,2026-03-15,10000000355
8,Afternoon,2026-03-15,10000000356
8,Afternoon,2026-03-15,10000000357
8,Afternoon,2026-03-15,10000000358
8,Afternoon,2026-03-15,10000000359
8,Night,2026-03-15,10000000360
8,Night,2026-03-15,10000000361
8,Night,2026-03-15,10000000362
8,Night,2026-03-15,10000000363
8,Night,2026-03-15,10000000364
8,Night,2026-03-15,10000000365
9,Morning,2026-03-09,10000000372
9,Morning,2026-03-09,10000000373
9,Morning,2026-03-09,10000000374
9,Morning,2026-03-09,10000000375
9,Morning,2026-03-09,10000000376
9,Morning,2026-03-09,10000000377
9,Afternoon,2026-03-09,10000000378
9,Afternoon,2026-03-09,10000000379
9,Afternoon,2026-03-09,10000000380
9,Afternoon,2026-03-09,10000000381
9,Afternoon,2026-03-09,10000000382
9,Afternoon,2026-03-09,10000000383
9,Night,2026-03-09,10000000384
9,Night,2026-03-09,10000000385
9,Night,2026-03-09,10000000386
9,Night,2026-03-09,10000000387
9,Night,2026-03-09,10000000388
9,Night,2026-03-09,10000000389
9,Morning,2026-03-10,10000000372
9,Morning,2026-03-10,10000000373
9,Morning,2026-03-10,10000000374
9,Morning,2026-03-10,10000000375
9,Morning,2026-03-10,10000000376
9,Morning,2026-03-10,10000000377
9,Afternoon,2026-03-10,10000000378
9,Afternoon,2026-03-10,10000000379
9,Afternoon,2026-03-10,10000000380
9,Afternoon,2026-03-10,10000000381
9,Afternoon,2026-03-10,10000000382
9,Afternoon,2026-03-10,10000000383
9,Night,2026-03-10,10000000384
9,Night,2026-03-10,10000000385
9,Night,2026-03-10,10000000386
9,Night,2026-03-10,10000000387
9,Night,2026-03-10,10000000388
9,Night,2026-03-10,10000000389
9,Morning,2026-03-11,10000000372
9,Morning,2026-03-11,10000000373
9,Morning,2026-03-11,10000000374
9,Morning,2026-03-11,10000000375
9,Morning,2026-03-11,10000000376
9,Morning,2026-03-11,10000000377
9,Afternoon,2026-03-11,10000000378
9,Afternoon,2026-03-11,10000000379
9,Afternoon,2026-03-11,10000000380
9,Afternoon,2026-03-11,10000000381
9,Afternoon,2026-03-11,10000000382
9,Afternoon,2026-03-11,10000000383
9,Night,2026-03-11,10000000384
9,Night,2026-03-11,10000000385
9,Night,2026-03-11,10000000386
9,Night,2026-03-11,10000000387
9,Night,2026-03-11,10000000388
9,Night,2026-03-11,10000000389
9,Morning,2026-03-12,10000000372
9,Morning,2026-03-12,10000000373
9,Morning,2026-03-12,10000000374
9,Morning,2026-03-12,10000000375
9,Morning,2026-03-12,10000000376
9,Morning,2026-03-12,10000000377
9,Afternoon,2026-03-12,10000000378
9,Afternoon,2026-03-12,10000000379
9,Afternoon,2026-03-12,10000000380
9,Afternoon,2026-03-12,10000000381
9,Afternoon,2026-03-12,10000000382
9,Afternoon,2026-03-12,10000000383
9,Night,2026-03-12,10000000390
9,Night,2026-03-12,10000000391
9,Night,2026-03-12,10000000392
9,Night,2026-03-12,10000000393
9,Night,2026-03-12,10000000394
9,Night,2026-03-12,10000000395
9,Morning,2026-03-13,10000000372
9,Morning,2026-03-13,10000000373
9,Morning,2026-03-13,10000000374
9,Morning,2026-03-13,10000000375
9,Morning,2026-03-13,10000000376
9,Morning,2026-03-13,10000000377
9,Afternoon,2026-03-13,10000000378
9,Afternoon,2026-03-13,10000000379
9,Afternoon,2026-03-13,10000000380
9,Afternoon,2026-03-13,10000000381
9,Afternoon,2026-03-13,10000000382
9,Afternoon,2026-03-13,10000000383
9,Night,2026-03-13,10000000390
9,Night,2026-03-13,10000000391
9,Night,2026-03-13,10000000392
9,Night,2026-03-13,10000000393
9,Night,2026-03-13,10000000394
9,Night,2026-03-13,10000000395
9,Morning,2026-03-14,10000000372
9,Morning,2026-03-14,10000000373
9,Morning,2026-03-14,10000000374
9,Morning,2026-03-14,10000000375
9,Morning,2026-03-14,10000000376
9,Morning,2026-03-14,10000000377
9,Afternoon,2026-03-14,10000000378
9,Afternoon,2026-03-14,10000000379
9,Afternoon,2026-03-14,10000000380
9,Afternoon,2026-03-14,10000000381
9,Afternoon,2026-03-14,10000000382
9,Afternoon,2026-03-14,10000000383
9,Night,2026-03-14,10000000390
9,Night,2026-03-14,10000000391
9,Night,2026-03-14,10000000392
9,Night,2026-03-14,10000000393
9,Night,2026-03-14,10000000394
9,Night,2026-03-14,10000000395
9,Morning,2026-03-15,10000000372
9,Morning,2026-03-15,10000000373
9,Morning,2026-03-15,10000000374
9,Morning,2026-03-15,10000000375
9,Morning,2026-03-15,10000000376
9,Morning,2026-03-15,10000000377
9,Afternoon,2026-03-15,10000000378
9,Afternoon,2026-03-15,10000000379
9,Afternoon,2026-03-15,10000000380
9,Afternoon,2026-03-15,10000000381
9,Afternoon,2026-03-15,10000000382
9,Afternoon,2026-03-15,10000000383
9,Night,2026-03-15,10000000384
9,Night,2026-03-15,10000000385
9,Night,2026-03-15,10000000386
9,Night,2026-03-15,10000000387
9,Night,2026-03-15,10000000388
9,Night,2026-03-15,10000000389
10,Morning,2026-03-09,10000000396
10,Morning,2026-03-09,10000000397
10,Morning,2026-03-09,10000000398
10,Morning,2026-03-09,10000000399
10,Morning,2026-03-09,10000000400
10,Morning,2026-03-09,10000000401
10,Afternoon,2026-03-09,10000000402
10,Afternoon,2026-03-09,10000000403
10,Afternoon,2026-03-09,10000000404
10,Afternoon,2026-03-09,10000000405
10,Afternoon,2026-03-09,10000000406
10,Afternoon,2026-03-09,10000000407
10,Night,2026-03-09,10000000408
10,Night,2026-03-09,10000000409
10,Night,2026-03-09,10000000410
10,Night,2026-03-09,10000000411
10,Night,2026-03-09,10000000412
10,Night,2026-03-09,10000000413
10,Morning,2026-03-10,10000000396
10,Morning,2026-03-10,10000000397
10,Morning,2026-03-10,10000000398
10,Morning,2026-03-10,10000000399
10,Morning,2026-03-10,10000000400
10,Morning,2026-03-10,10000000401
10,Afternoon,2026-03-10,10000000402
10,Afternoon,2026-03-10,10000000403
10,Afternoon,2026-03-10,10000000404
10,Afternoon,2026-03-10,10000000405
10,Afternoon,2026-03-10,10000000406
10,Afternoon,2026-03-10,10000000407
10,Night,2026-03-10,10000000408
10,Night,2026-03-10,10000000409
10,Night,2026-03-10,10000000410
10,Night,2026-03-10,10000000411
10,Night,2026-03-10,10000000412
10,Night,2026-03-10,10000000413
10,Morning,2026-03-11,10000000396
10,Morning,2026-03-11,10000000397
10,Morning,2026-03-11,10000000398
10,Morning,2026-03-11,10000000399
10,Morning,2026-03-11,10000000400
10,Morning,2026-03-11,10000000401
10,Afternoon,2026-03-11,10000000402
10,Afternoon,2026-03-11,10000000403
10,Afternoon,2026-03-11,10000000404
10,Afternoon,2026-03-11,10000000405
10,Afternoon,2026-03-11,10000000406
10,Afternoon,2026-03-11,10000000407
10,Night,2026-03-11,10000000408
10,Night,2026-03-11,10000000409
10,Night,2026-03-11,10000000410
10,Night,2026-03-11,10000000411
10,Night,2026-03-11,10000000412
10,Night,2026-03-11,10000000413
10,Morning,2026-03-12,10000000396
10,Morning,2026-03-12,10000000397
10,Morning,2026-03-12,10000000398
10,Morning,2026-03-12,10000000399
10,Morning,2026-03-12,10000000400
10,Morning,2026-03-12,10000000401
10,Afternoon,2026-03-12,10000000402
10,Afternoon,2026-03-12,10000000403
10,Afternoon,2026-03-12,10000000404
10,Afternoon,2026-03-12,10000000405
10,Afternoon,2026-03-12,10000000406
10,Afternoon,2026-03-12,10000000407
10,Night,2026-03-12,10000000414
10,Night,2026-03-12,10000000415
10,Night,2026-03-12,10000000416
10,Night,2026-03-12,10000000417
10,Night,2026-03-12,10000000418
10,Night,2026-03-12,10000000419
10,Morning,2026-03-13,10000000396
10,Morning,2026-03-13,10000000397
10,Morning,2026-03-13,10000000398
10,Morning,2026-03-13,10000000399
10,Morning,2026-03-13,10000000400
10,Morning,2026-03-13,10000000401
10,Afternoon,2026-03-13,10000000402
10,Afternoon,2026-03-13,10000000403
10,Afternoon,2026-03-13,10000000404
10,Afternoon,2026-03-13,10000000405
10,Afternoon,2026-03-13,10000000406
10,Afternoon,2026-03-13,10000000407
10,Night,2026-03-13,10000000414
10,Night,2026-03-13,10000000415
10,Night,2026-03-13,10000000416
10,Night,2026-03-13,10000000417
10,Night,2026-03-13,10000000418
10,Night,2026-03-13,10000000419
10,Morning,2026-03-14,10000000396
10,Morning,2026-03-14,10000000397
10,Morning,2026-03-14,10000000398
10,Morning,2026-03-14,10000000399
10,Morning,2026-03-14,10000000400
10,Morning,2026-03-14,10000000401
10,Afternoon,2026-03-14,10000000402
10,Afternoon,2026-03-14,10000000403
10,Afternoon,2026-03-14,10000000404
10,Afternoon,2026-03-14,10000000405
10,Afternoon,2026-03-14,10000000406
10,Afternoon,2026-03-14,10000000407
10,Night,2026-03-14,10000000414
10,Night,2026-03-14,10000000415
10,Night,2026-03-14,10000000416
10,Night,2026-03-14,10000000417
10,Night,2026-03-14,10000000418
10,Night,2026-03-14,10000000419
10,Morning,2026-03-15,10000000396
10,Morning,2026-03-15,10000000397
10,Morning,2026-03-15,10000000398
10,Morning,2026-03-15,10000000399
10,Morning,2026-03-15,10000000400
10,Morning,2026-03-15,10000000401
10,Afternoon,2026-03-15,10000000402
10,Afternoon,2026-03-15,10000000403
10,Afternoon,2026-03-15,10000000404
10,Afternoon,2026-03-15,10000000405
10,Afternoon,2026-03-15,10000000406
10,Afternoon,2026-03-15,10000000407
10,Night,2026-03-15,10000000408
10,Night,2026-03-15,10000000409
10,Night,2026-03-15,10000000410
10,Night,2026-03-15,10000000411
10,Night,2026-03-15,10000000412
10,Night,2026-03-15,10000000413
11,Morning,2026-03-09,10000000420
11,Morning,2026-03-09,10000000421
11,Morning,2026-03-09,10000000422
11,Morning,2026-03-09,10000000423
11,Morning,2026-03-09,10000000424
11,Morning,2026-03-09,10000000425
11,Afternoon,2026-03-09,10000000426
11,Afternoon,2026-03-09,10000000427
11,Afternoon,2026-03-09,10000000428
11,Afternoon,2026-03-09,10000000429
11,Afternoon,2026-03-09,10000000430
11,Afternoon,2026-03-09,10000000431
11,Night,2026-03-09,10000000432
11,Night,2026-03-09,10000000433
11,Night,2026-03-09,10000000434
11,Night,2026-03-09,10000000435
11,Night,2026-03-09,10000000436
11,Night,2026-03-09,10000000437
11,Morning,2026-03-10,10000000420
11,Morning,2026-03-10,10000000421
11,Morning,2026-03-10,10000000422
11,Morning,2026-03-10,10000000423
11,Morning,2026-03-10,10000000424
11,Morning,2026-03-10,10000000425
11,Afternoon,2026-03-10,10000000426
11,Afternoon,2026-03-10,10000000427
11,Afternoon,2026-03-10,10000000428
11,Afternoon,2026-03-10,10000000429
11,Afternoon,2026-03-10,10000000430
11,Afternoon,2026-03-10,10000000431
11,Night,2026-03-10,10000000432
11,Night,2026-03-10,10000000433
11,Night,2026-03-10,10000000434
11,Night,2026-03-10,10000000435
11,Night,2026-03-10,10000000436
11,Night,2026-03-10,10000000437
11,Morning,2026-03-11,10000000420
11,Morning,2026-03-11,10000000421
11,Morning,2026-03-11,10000000422
11,Morning,2026-03-11,10000000423
11,Morning,2026-03-11,10000000424
11,Morning,2026-03-11,10000000425
11,Afternoon,2026-03-11,10000000426
11,Afternoon,2026-03-11,10000000427
11,Afternoon,2026-03-11,10000000428
11,Afternoon,2026-03-11,10000000429
11,Afternoon,2026-03-11,10000000430
11,Afternoon,2026-03-11,10000000431
11,Night,2026-03-11,10000000432
11,Night,2026-03-11,10000000433
11,Night,2026-03-11,10000000434
11,Night,2026-03-11,10000000435
11,Night,2026-03-11,10000000436
11,Night,2026-03-11,10000000437
11,Morning,2026-03-12,10000000420
11,Morning,2026-03-12,10000000421
11,Morning,2026-03-12,10000000422
11,Morning,2026-03-12,10000000423
11,Morning,2026-03-12,10000000424
11,Morning,2026-03-12,10000000425
11,Afternoon,2026-03-12,10000000426
11,Afternoon,2026-03-12,10000000427
11,Afternoon,2026-03-12,10000000428
11,Afternoon,2026-03-12,10000000429
11,Afternoon,2026-03-12,10000000430
11,Afternoon,2026-03-12,10000000431
11,Night,2026-03-12,10000000438
11,Night,2026-03-12,10000000439
11,Night,2026-03-12,10000000440
11,Night,2026-03-12,10000000441
11,Night,2026-03-12,10000000442
11,Night,2026-03-12,10000000443
11,Morning,2026-03-13,10000000420
11,Morning,2026-03-13,10000000421
11,Morning,2026-03-13,10000000422
11,Morning,2026-03-13,10000000423
11,Morning,2026-03-13,10000000424
11,Morning,2026-03-13,10000000425
11,Afternoon,2026-03-13,10000000426
11,Afternoon,2026-03-13,10000000427
11,Afternoon,2026-03-13,10000000428
11,Afternoon,2026-03-13,10000000429
11,Afternoon,2026-03-13,10000000430
11,Afternoon,2026-03-13,10000000431
11,Night,2026-03-13,10000000438
11,Night,2026-03-13,10000000439
11,Night,2026-03-13,10000000440
11,Night,2026-03-13,10000000441
11,Night,2026-03-13,10000000442
11,Night,2026-03-13,10000000443
11,Morning,2026-03-14,10000000420
11,Morning,2026-03-14,10000000421
11,Morning,2026-03-14,10000000422
11,Morning,2026-03-14,10000000423
11,Morning,2026-03-14,10000000424
11,Morning,2026-03-14,10000000425
11,Afternoon,2026-03-14,10000000426
11,Afternoon,2026-03-14,10000000427
11,Afternoon,2026-03-14,10000000428
11,Afternoon,2026-03-14,10000000429
11,Afternoon,2026-03-14,10000000430
11,Afternoon,2026-03-14,10000000431
11,Night,2026-03-14,10000000438
11,Night,2026-03-14,10000000439
11,Night,2026-03-14,10000000440
11,Night,2026-03-14,10000000441
11,Night,2026-03-14,10000000442
11,Night,2026-03-14,10000000443
11,Morning,2026-03-15,10000000420
11,Morning,2026-03-15,10000000421
11,Morning,2026-03-15,10000000422
11,Morning,2026-03-15,10000000423
11,Morning,2026-03-15,10000000424
11,Morning,2026-03-15,10000000425
11,Afternoon,2026-03-15,10000000426
11,Afternoon,2026-03-15,10000000427
11,Afternoon,2026-03-15,10000000428
11,Afternoon,2026-03-15,10000000429
11,Afternoon,2026-03-15,10000000430
11,Afternoon,2026-03-15,10000000431
11,Night,2026-03-15,10000000432
11,Night,2026-03-15,10000000433
11,Night,2026-03-15,10000000434
11,Night,2026-03-15,10000000435
11,Night,2026-03-15,10000000436
11,Night,2026-03-15,10000000437
12,Morning,2026-03-09,10000000444
12,Morning,2026-03-09,10000000445
12,Morning,2026-03-09,10000000446
12,Morning,2026-03-09,10000000447
12,Morning,2026-03-09,10000000448
12,Morning,2026-03-09,10000000449
12,Afternoon,2026-03-09,10000000450
12,Afternoon,2026-03-09,10000000451
12,Afternoon,2026-03-09,10000000452
12,Afternoon,2026-03-09,10000000453
12,Afternoon,2026-03-09,10000000454
12,Afternoon,2026-03-09,10000000455
12,Night,2026-03-09,10000000456
12,Night,2026-03-09,10000000457
12,Night,2026-03-09,10000000458
12,Night,2026-03-09,10000000459
12,Night,2026-03-09,10000000460
12,Night,2026-03-09,10000000461
12,Morning,2026-03-10,10000000444
12,Morning,2026-03-10,10000000445
12,Morning,2026-03-10,10000000446
12,Morning,2026-03-10,10000000447
12,Morning,2026-03-10,10000000448
12,Morning,2026-03-10,10000000449
12,Afternoon,2026-03-10,10000000450
12,Afternoon,2026-03-10,10000000451
12,Afternoon,2026-03-10,10000000452
12,Afternoon,2026-03-10,10000000453
12,Afternoon,2026-03-10,10000000454
12,Afternoon,2026-03-10,10000000455
12,Night,2026-03-10,10000000456
12,Night,2026-03-10,10000000457
12,Night,2026-03-10,10000000458
12,Night,2026-03-10,10000000459
12,Night,2026-03-10,10000000460
12,Night,2026-03-10,10000000461
12,Morning,2026-03-11,10000000444
12,Morning,2026-03-11,10000000445
12,Morning,2026-03-11,10000000446
12,Morning,2026-03-11,10000000447
12,Morning,2026-03-11,10000000448
12,Morning,2026-03-11,10000000449
12,Afternoon,2026-03-11,10000000450
12,Afternoon,2026-03-11,10000000451
12,Afternoon,2026-03-11,10000000452
12,Afternoon,2026-03-11,10000000453
12,Afternoon,2026-03-11,10000000454
12,Afternoon,2026-03-11,10000000455
12,Night,2026-03-11,10000000456
12,Night,2026-03-11,10000000457
12,Night,2026-03-11,10000000458
12,Night,2026-03-11,10000000459
12,Night,2026-03-11,10000000460
12,Night,2026-03-11,10000000461
12,Morning,2026-03-12,10000000444
12,Morning,2026-03-12,10000000445
12,Morning,2026-03-12,10000000446
12,Morning,2026-03-12,10000000447
12,Morning,2026-03-12,10000000448
12,Morning,2026-03-12,10000000449
12,Afternoon,2026-03-12,10000000450
12,Afternoon,2026-03-12,10000000451
12,Afternoon,2026-03-12,10000000452
12,Afternoon,2026-03-12,10000000453
12,Afternoon,2026-03-12,10000000454
12,Afternoon,2026-03-12,10000000455
12,Night,2026-03-12,10000000462
12,Night,2026-03-12,10000000463
12,Night,2026-03-12,10000000464
12,Night,2026-03-12,10000000465
12,Night,2026-03-12,10000000466
12,Night,2026-03-12,10000000467
12,Morning,2026-03-13,10000000444
12,Morning,2026-03-13,10000000445
12,Morning,2026-03-13,10000000446
12,Morning,2026-03-13,10000000447
12,Morning,2026-03-13,10000000448
12,Morning,2026-03-13,10000000449
12,Afternoon,2026-03-13,10000000450
12,Afternoon,2026-03-13,10000000451
12,Afternoon,2026-03-13,10000000452
12,Afternoon,2026-03-13,10000000453
12,Afternoon,2026-03-13,10000000454
12,Afternoon,2026-03-13,10000000455
12,Night,2026-03-13,10000000462
12,Night,2026-03-13,10000000463
12,Night,2026-03-13,10000000464
12,Night,2026-03-13,10000000465
12,Night,2026-03-13,10000000466
12,Night,2026-03-13,10000000467
12,Morning,2026-03-14,10000000444
12,Morning,2026-03-14,10000000445
12,Morning,2026-03-14,10000000446
12,Morning,2026-03-14,10000000447
12,Morning,2026-03-14,10000000448
12,Morning,2026-03-14,10000000449
12,Afternoon,2026-03-14,10000000450
12,Afternoon,2026-03-14,10000000451
12,Afternoon,2026-03-14,10000000452
12,Afternoon,2026-03-14,10000000453
12,Afternoon,2026-03-14,10000000454
12,Afternoon,2026-03-14,10000000455
12,Night,2026-03-14,10000000462
12,Night,2026-03-14,10000000463
12,Night,2026-03-14,10000000464
12,Night,2026-03-14,10000000465
12,Night,2026-03-14,10000000466
12,Night,2026-03-14,10000000467
12,Morning,2026-03-15,10000000444
12,Morning,2026-03-15,10000000445
12,Morning,2026-03-15,10000000446
12,Morning,2026-03-15,10000000447
12,Morning,2026-03-15,10000000448
12,Morning,2026-03-15,10000000449
12,Afternoon,2026-03-15,10000000450
12,Afternoon,2026-03-15,10000000451
12,Afternoon,2026-03-15,10000000452
12,Afternoon,2026-03-15,10000000453
12,Afternoon,2026-03-15,10000000454
12,Afternoon,2026-03-15,10000000455
12,Night,2026-03-15,10000000456
12,Night,2026-03-15,10000000457
12,Night,2026-03-15,10000000458
12,Night,2026-03-15,10000000459
12,Night,2026-03-15,10000000460
12,Night,2026-03-15,10000000461
13,Morning,2026-03-09,10000000468
13,Morning,2026-03-09,10000000469
13,Morning,2026-03-09,10000000470
13,Morning,2026-03-09,10000000471
13,Morning,2026-03-09,10000000472
13,Morning,2026-03-09,10000000473
13,Afternoon,2026-03-09,10000000474
13,Afternoon,2026-03-09,10000000475
13,Afternoon,2026-03-09,10000000476
13,Afternoon,2026-03-09,10000000477
13,Afternoon,2026-03-09,10000000478
13,Afternoon,2026-03-09,10000000479
13,Night,2026-03-09,10000000480
13,Night,2026-03-09,10000000481
13,Night,2026-03-09,10000000482
13,Night,2026-03-09,10000000483
13,Night,2026-03-09,10000000484
13,Night,2026-03-09,10000000485
13,Morning,2026-03-10,10000000468
13,Morning,2026-03-10,10000000469
13,Morning,2026-03-10,10000000470
13,Morning,2026-03-10,10000000471
13,Morning,2026-03-10,10000000472
13,Morning,2026-03-10,10000000473
13,Afternoon,2026-03-10,10000000474
13,Afternoon,2026-03-10,10000000475
13,Afternoon,2026-03-10,10000000476
13,Afternoon,2026-03-10,10000000477
13,Afternoon,2026-03-10,10000000478
13,Afternoon,2026-03-10,10000000479
13,Night,2026-03-10,10000000480
13,Night,2026-03-10,10000000481
13,Night,2026-03-10,10000000482
13,Night,2026-03-10,10000000483
13,Night,2026-03-10,10000000484
13,Night,2026-03-10,10000000485
13,Morning,2026-03-11,10000000468
13,Morning,2026-03-11,10000000469
13,Morning,2026-03-11,10000000470
13,Morning,2026-03-11,10000000471
13,Morning,2026-03-11,10000000472
13,Morning,2026-03-11,10000000473
13,Afternoon,2026-03-11,10000000474
13,Afternoon,2026-03-11,10000000475
13,Afternoon,2026-03-11,10000000476
13,Afternoon,2026-03-11,10000000477
13,Afternoon,2026-03-11,10000000478
13,Afternoon,2026-03-11,10000000479
13,Night,2026-03-11,10000000480
13,Night,2026-03-11,10000000481
13,Night,2026-03-11,10000000482
13,Night,2026-03-11,10000000483
13,Night,2026-03-11,10000000484
13,Night,2026-03-11,10000000485
13,Morning,2026-03-12,10000000468
13,Morning,2026-03-12,10000000469
13,Morning,2026-03-12,10000000470
13,Morning,2026-03-12,10000000471
13,Morning,2026-03-12,10000000472
13,Morning,2026-03-12,10000000473
13,Afternoon,2026-03-12,10000000474
13,Afternoon,2026-03-12,10000000475
13,Afternoon,2026-03-12,10000000476
13,Afternoon,2026-03-12,10000000477
13,Afternoon,2026-03-12,10000000478
13,Afternoon,2026-03-12,10000000479
13,Night,2026-03-12,10000000486
13,Night,2026-03-12,10000000487
13,Night,2026-03-12,10000000488
13,Night,2026-03-12,10000000489
13,Night,2026-03-12,10000000490
13,Night,2026-03-12,10000000491
13,Morning,2026-03-13,10000000468
13,Morning,2026-03-13,10000000469
13,Morning,2026-03-13,10000000470
13,Morning,2026-03-13,10000000471
13,Morning,2026-03-13,10000000472
13,Morning,2026-03-13,10000000473
13,Afternoon,2026-03-13,10000000474
13,Afternoon,2026-03-13,10000000475
13,Afternoon,2026-03-13,10000000476
13,Afternoon,2026-03-13,10000000477
13,Afternoon,2026-03-13,10000000478
13,Afternoon,2026-03-13,10000000479
13,Night,2026-03-13,10000000486
13,Night,2026-03-13,10000000487
13,Night,2026-03-13,10000000488
13,Night,2026-03-13,10000000489
13,Night,2026-03-13,10000000490
13,Night,2026-03-13,10000000491
13,Morning,2026-03-14,10000000468
13,Morning,2026-03-14,10000000469
13,Morning,2026-03-14,10000000470
13,Morning,2026-03-14,10000000471
13,Morning,2026-03-14,10000000472
13,Morning,2026-03-14,10000000473
13,Afternoon,2026-03-14,10000000474
13,Afternoon,2026-03-14,10000000475
13,Afternoon,2026-03-14,10000000476
13,Afternoon,2026-03-14,10000000477
13,Afternoon,2026-03-14,10000000478
13,Afternoon,2026-03-14,10000000479
13,Night,2026-03-14,10000000486
13,Night,2026-03-14,10000000487
13,Night,2026-03-14,10000000488
13,Night,2026-03-14,10000000489
13,Night,2026-03-14,10000000490
13,Night,2026-03-14,10000000491
13,Morning,2026-03-15,10000000468
13,Morning,2026-03-15,10000000469
13,Morning,2026-03-15,10000000470
13,Morning,2026-03-15,10000000471
13,Morning,2026-03-15,10000000472
13,Morning,2026-03-15,10000000473
13,Afternoon,2026-03-15,10000000474
13,Afternoon,2026-03-15,10000000475
13,Afternoon,2026-03-15,10000000476
13,Afternoon,2026-03-15,10000000477
13,Afternoon,2026-03-15,10000000478
13,Afternoon,2026-03-15,10000000479
13,Night,2026-03-15,10000000480
13,Night,2026-03-15,10000000481
13,Night,2026-03-15,10000000482
13,Night,2026-03-15,10000000483
13,Night,2026-03-15,10000000484
13,Night,2026-03-15,10000000485
14,Morning,2026-03-09,10000000492
14,Morning,2026-03-09,10000000493
14,Morning,2026-03-09,10000000494
14,Morning,2026-03-09,10000000495
14,Morning,2026-03-09,10000000496
14,Morning,2026-03-09,10000000497
14,Afternoon,2026-03-09,10000000498
14,Afternoon,2026-03-09,10000000499
14,Afternoon,2026-03-09,10000000500
14,Afternoon,2026-03-09,10000000501
14,Afternoon,2026-03-09,10000000502
14,Afternoon,2026-03-09,10000000503
14,Night,2026-03-09,10000000504
14,Night,2026-03-09,10000000505
14,Night,2026-03-09,10000000506
14,Night,2026-03-09,10000000507
14,Night,2026-03-09,10000000508
14,Night,2026-03-09,10000000509
14,Morning,2026-03-10,10000000492
14,Morning,2026-03-10,10000000493
14,Morning,2026-03-10,10000000494
14,Morning,2026-03-10,10000000495
14,Morning,2026-03-10,10000000496
14,Morning,2026-03-10,10000000497
14,Afternoon,2026-03-10,10000000498
14,Afternoon,2026-03-10,10000000499
14,Afternoon,2026-03-10,10000000500
14,Afternoon,2026-03-10,10000000501
14,Afternoon,2026-03-10,10000000502
14,Afternoon,2026-03-10,10000000503
14,Night,2026-03-10,10000000504
14,Night,2026-03-10,10000000505
14,Night,2026-03-10,10000000506
14,Night,2026-03-10,10000000507
14,Night,2026-03-10,10000000508
14,Night,2026-03-10,10000000509
14,Morning,2026-03-11,10000000492
14,Morning,2026-03-11,10000000493
14,Morning,2026-03-11,10000000494
14,Morning,2026-03-11,10000000495
14,Morning,2026-03-11,10000000496
14,Morning,2026-03-11,10000000497
14,Afternoon,2026-03-11,10000000498
14,Afternoon,2026-03-11,10000000499
14,Afternoon,2026-03-11,10000000500
14,Afternoon,2026-03-11,10000000501
14,Afternoon,2026-03-11,10000000502
14,Afternoon,2026-03-11,10000000503
14,Night,2026-03-11,10000000504
14,Night,2026-03-11,10000000505
14,Night,2026-03-11,10000000506
14,Night,2026-03-11,10000000507
14,Night,2026-03-11,10000000508
14,Night,2026-03-11,10000000509
14,Morning,2026-03-12,10000000492
14,Morning,2026-03-12,10000000493
14,Morning,2026-03-12,10000000494
14,Morning,2026-03-12,10000000495
14,Morning,2026-03-12,10000000496
14,Morning,2026-03-12,10000000497
14,Afternoon,2026-03-12,10000000498
14,Afternoon,2026-03-12,10000000499
14,Afternoon,2026-03-12,10000000500
14,Afternoon,2026-03-12,10000000501
14,Afternoon,2026-03-12,10000000502
14,Afternoon,2026-03-12,10000000503
14,Night,2026-03-12,10000000510
14,Night,2026-03-12,10000000511
14,Night,2026-03-12,10000000512
14,Night,2026-03-12,10000000513
14,Night,2026-03-12,10000000514
14,Night,2026-03-12,10000000515
14,Morning,2026-03-13,10000000492
14,Morning,2026-03-13,10000000493
14,Morning,2026-03-13,10000000494
14,Morning,2026-03-13,10000000495
14,Morning,2026-03-13,10000000496
14,Morning,2026-03-13,10000000497
14,Afternoon,2026-03-13,10000000498
14,Afternoon,2026-03-13,10000000499
14,Afternoon,2026-03-13,10000000500
14,Afternoon,2026-03-13,10000000501
14,Afternoon,2026-03-13,10000000502
14,Afternoon,2026-03-13,10000000503
14,Night,2026-03-13,10000000510
14,Night,2026-03-13,10000000511
14,Night,2026-03-13,10000000512
14,Night,2026-03-13,10000000513
14,Night,2026-03-13,10000000514
14,Night,2026-03-13,10000000515
14,Morning,2026-03-14,10000000492
14,Morning,2026-03-14,10000000493
14,Morning,2026-03-14,10000000494
14,Morning,2026-03-14,10000000495
14,Morning,2026-03-14,10000000496
14,Morning,2026-03-14,10000000497
14,Afternoon,2026-03-14,10000000498
14,Afternoon,2026-03-14,10000000499
14,Afternoon,2026-03-14,10000000500
14,Afternoon,2026-03-14,10000000501
14,Afternoon,2026-03-14,10000000502
14,Afternoon,2026-03-14,10000000503
14,Night,2026-03-14,10000000510
14,Night,2026-03-14,10000000511
14,Night,2026-03-14,10000000512
14,Night,2026-03-14,10000000513
14,Night,2026-03-14,10000000514
14,Night,2026-03-14,10000000515
14,Morning,2026-03-15,10000000492
14,Morning,2026-03-15,10000000493
14,Morning,2026-03-15,10000000494
14,Morning,2026-03-15,10000000495
14,Morning,2026-03-15,10000000496
14,Morning,2026-03-15,10000000497
14,Afternoon,2026-03-15,10000000498
14,Afternoon,2026-03-15,10000000499
14,Afternoon,2026-03-15,10000000500
14,Afternoon,2026-03-15,10000000501
14,Afternoon,2026-03-15,10000000502
14,Afternoon,2026-03-15,10000000503
14,Night,2026-03-15,10000000504
14,Night,2026-03-15,10000000505
14,Night,2026-03-15,10000000506
14,Night,2026-03-15,10000000507
14,Night,2026-03-15,10000000508
14,Night,2026-03-15,10000000509
15,Morning,2026-03-09,10000000516
15,Morning,2026-03-09,10000000517
15,Morning,2026-03-09,10000000518
15,Morning,2026-03-09,10000000519
15,Morning,2026-03-09,10000000520
15,Morning,2026-03-09,10000000521
15,Afternoon,2026-03-09,10000000522
15,Afternoon,2026-03-09,10000000523
15,Afternoon,2026-03-09,10000000524
15,Afternoon,2026-03-09,10000000525
15,Afternoon,2026-03-09,10000000526
15,Afternoon,2026-03-09,10000000527
15,Night,2026-03-09,10000000528
15,Night,2026-03-09,10000000529
15,Night,2026-03-09,10000000530
15,Night,2026-03-09,10000000531
15,Night,2026-03-09,10000000532
15,Night,2026-03-09,10000000533
15,Morning,2026-03-10,10000000516
15,Morning,2026-03-10,10000000517
15,Morning,2026-03-10,10000000518
15,Morning,2026-03-10,10000000519
15,Morning,2026-03-10,10000000520
15,Morning,2026-03-10,10000000521
15,Afternoon,2026-03-10,10000000522
15,Afternoon,2026-03-10,10000000523
15,Afternoon,2026-03-10,10000000524
15,Afternoon,2026-03-10,10000000525
15,Afternoon,2026-03-10,10000000526
15,Afternoon,2026-03-10,10000000527
15,Night,2026-03-10,10000000528
15,Night,2026-03-10,10000000529
15,Night,2026-03-10,10000000530
15,Night,2026-03-10,10000000531
15,Night,2026-03-10,10000000532
15,Night,2026-03-10,10000000533
15,Morning,2026-03-11,10000000516
15,Morning,2026-03-11,10000000517
15,Morning,2026-03-11,10000000518
15,Morning,2026-03-11,10000000519
15,Morning,2026-03-11,10000000520
15,Morning,2026-03-11,10000000521
15,Afternoon,2026-03-11,10000000522
15,Afternoon,2026-03-11,10000000523
15,Afternoon,2026-03-11,10000000524
15,Afternoon,2026-03-11,10000000525
15,Afternoon,2026-03-11,10000000526
15,Afternoon,2026-03-11,10000000527
15,Night,2026-03-11,10000000528
15,Night,2026-03-11,10000000529
15,Night,2026-03-11,10000000530
15,Night,2026-03-11,10000000531
15,Night,2026-03-11,10000000532
15,Night,2026-03-11,10000000533
15,Morning,2026-03-12,10000000516
15,Morning,2026-03-12,10000000517
15,Morning,2026-03-12,10000000518
15,Morning,2026-03-12,10000000519
15,Morning,2026-03-12,10000000520
15,Morning,2026-03-12,10000000521
15,Afternoon,2026-03-12,10000000522
15,Afternoon,2026-03-12,10000000523
15,Afternoon,2026-03-12,10000000524
15,Afternoon,2026-03-12,10000000525
15,Afternoon,2026-03-12,10000000526
15,Afternoon,2026-03-12,10000000527
15,Night,2026-03-12,10000000534
15,Night,2026-03-12,10000000535
15,Night,2026-03-12,10000000536
15,Night,2026-03-12,10000000537
15,Night,2026-03-12,10000000538
15,Night,2026-03-12,10000000539
15,Morning,2026-03-13,10000000516
15,Morning,2026-03-13,10000000517
15,Morning,2026-03-13,10000000518
15,Morning,2026-03-13,10000000519
15,Morning,2026-03-13,10000000520
15,Morning,2026-03-13,10000000521
15,Afternoon,2026-03-13,10000000522
15,Afternoon,2026-03-13,10000000523
15,Afternoon,2026-03-13,10000000524
15,Afternoon,2026-03-13,10000000525
15,Afternoon,2026-03-13,10000000526
15,Afternoon,2026-03-13,10000000527
15,Night,2026-03-13,10000000534
15,Night,2026-03-13,10000000535
15,Night,2026-03-13,10000000536
15,Night,2026-03-13,10000000537
15,Night,2026-03-13,10000000538
15,Night,2026-03-13,10000000539
15,Morning,2026-03-14,10000000516
15,Morning,2026-03-14,10000000517
15,Morning,2026-03-14,10000000518
15,Morning,2026-03-14,10000000519
15,Morning,2026-03-14,10000000520
15,Morning,2026-03-14,10000000521
15,Afternoon,2026-03-14,10000000522
15,Afternoon,2026-03-14,10000000523
15,Afternoon,2026-03-14,10000000524
15,Afternoon,2026-03-14,10000000525
15,Afternoon,2026-03-14,10000000526
15,Afternoon,2026-03-14,10000000527
15,Night,2026-03-14,10000000534
15,Night,2026-03-14,10000000535
15,Night,2026-03-14,10000000536
15,Night,2026-03-14,10000000537
15,Night,2026-03-14,10000000538
15,Night,2026-03-14,10000000539
15,Morning,2026-03-15,10000000516
15,Morning,2026-03-15,10000000517
15,Morning,2026-03-15,10000000518
15,Morning,2026-03-15,10000000519
15,Morning,2026-03-15,10000000520
15,Morning,2026-03-15,10000000521
15,Afternoon,2026-03-15,10000000522
15,Afternoon,2026-03-15,10000000523
15,Afternoon,2026-03-15,10000000524
15,Afternoon,2026-03-15,10000000525
15,Afternoon,2026-03-15,10000000526
15,Afternoon,2026-03-15,10000000527
15,Night,2026-03-15,10000000528
15,Night,2026-03-15,10000000529
15,Night,2026-03-15,10000000530
15,Night,2026-03-15,10000000531
15,Night,2026-03-15,10000000532
15,Night,2026-03-15,10000000533
