AdminStaffAMK,ProcEventID
10000000606,1
10000000600,2
10000000638,3
10000000576,4
10000000615,5
10000000648,6
10000000602,7
10000000608,8
10000000604,9
10000000626,10
10000000559,11
10000000596,12
10000000623,13
10000000653,14
10000000543,15
10000000643,16
10000000569,17
10000000609,18
10000000563,19
10000000561,20
10000000610,21
10000000585,22
10000000565,23
10000000592,24
10000000646,25
10000000597,26
10000000568,27
10000000633,28
10000000616,29
10000000650,30
10000000594,31
10000000617,32
10000000542,33
10000000658,34
10000000636,35
10000000611,36
10000000563,37
10000000580,38
10000000600,39
10000000542,40
10000000613,41
10000000550,42
10000000562,43
10000000608,44
10000000598,45
10000000609,46
10000000652,47
10000000572,48
10000000544,49
10000000659,50
10000000654,51
10000000546,52
10000000597,53
10000000642,54
10000000582,55
10000000653,56
10000000608,57
10000000566,58
10000000544,59
10000000557,60
10000000589,61
10000000558,62
10000000586,63
10000000609,64
10000000628,65
10000000569,66
10000000598,67
10000000645,68
10000000616,69
10000000618,70
10000000612,71
10000000575,72
10000000547,73
10000000632,74
10000000614,75
10000000595,76
10000000547,77
10000000614,78
10000000597,79
10000000540,80
10000000650,81
10000000561,82
10000000603,83
10000000599,84
10000000575,85
10000000649,86
10000000638,87
10000000650,88
10000000582,89
10000000621,90
10000000604,91
10000000547,92
10000000554,93
10000000558,94
10000000582,95
10000000597,96
10000000595,97
10000000623,98
10000000612,99
10000000599,100
10000000559,101
10000000615,102
10000000606,103
10000000583,104
10000000646,105
10000000644,106
10000000613,107
10000000554,108
10000000621,109
10000000583,110
10000000597,111
10000000558,112
10000000563,113
10000000645,114
10000000641,115
10000000653,116
10000000548,117
10000000630,118
10000000652,119
10000000609,120
10000000639,121
10000000555,122
10000000592,123
10000000614,124
10000000608,125
10000000602,126
10000000552,127
10000000547,128
10000000563,129
10000000565,130
10000000648,131
10000000553,132
10000000618,133
10000000645,134
10000000594,135
10000000640,136
10000000652,137
10000000598,138
10000000569,139
10000000648,140
10000000652,141
10000000601,142
10000000644,143
10000000651,144
10000000570,145
10000000549,146
10000000579,147
10000000607,148
10000000589,149
10000000641,150
10000000652,151
10000000592,152
10000000618,153
10000000653,154
10000000608,155
10000000643,156
10000000573,157
10000000631,158
10000000630,159
10000000642,160
10000000638,161
10000000580,162
10000000554,163
10000000594,164
10000000634,165
10000000568,166
10000000601,167
10000000577,168
10000000611,169
10000000651,170
10000000658,171
10000000579,172
10000000562,173
10000000567,174
10000000611,175
10000000642,176
10000000626,177
10000000577,178
10000000607,179
10000000581,180
