HospitalizationID,AdmissionDateTime,PatientAMKA,ExitDateTime,RoomID,DepartmentID,KENcode
1,2025-04-01 09:00:00,30000000000,2025-04-08 17:00:00,8,6,Μ71Χ
2,2025-06-05 09:00:00,30000000000,2025-06-12 14:00:00,9,6,Τ25Μβ
3,2025-08-09 09:00:00,30000000000,2025-08-16 13:00:00,10,6,Κ03Μ
4,2025-10-13 09:00:00,30000000000,2025-10-16 13:00:00,11,6,Η43Χ
5,2025-03-09 09:00:00,30000000001,2025-03-14 17:00:00,16,10,Φ22Χ
6,2025-05-13 09:00:00,30000000001,2025-05-18 18:00:00,17,10,Ο61Χ
7,2025-07-17 09:00:00,30000000001,2025-07-20 13:00:00,18,10,Τ27Μβ
8,2025-09-20 09:00:00,30000000001,2025-09-27 12:00:00,19,10,W11Α
9,2025-01-12 09:00:00,30000000002,2025-01-14 17:00:00,14,4,Π50Μ
10,2025-03-18 09:00:00,30000000002,2025-03-21 12:00:00,15,4,Α10Μ
11,2025-05-22 09:00:00,30000000002,2025-05-28 17:00:00,16,4,Ω33Α
12,2025-07-26 09:00:00,30000000002,2025-07-31 13:00:00,17,4,Ε10Α
13,2025-01-10 09:00:00,30000000003,2025-01-17 14:00:00,15,1,Π41Χ
14,2025-03-16 09:00:00,30000000003,2025-03-18 16:00:00,16,1,Α25Χ
15,2025-05-20 09:00:00,30000000003,2025-05-25 11:00:00,17,1,Ζ01Α
16,2025-07-24 09:00:00,30000000003,2025-07-29 17:00:00,18,1,Κ46Μ
17,2025-01-15 09:00:00,30000000004,2025-01-18 15:00:00,5,13,Α34Μβ
18,2025-03-21 09:00:00,30000000004,2025-03-24 12:00:00,6,13,Κ18Χ
19,2025-05-25 09:00:00,30000000004,2025-05-30 16:00:00,7,13,Ν31Μ
20,2025-07-29 09:00:00,30000000004,2025-07-31 11:00:00,8,13,Δ22Μ
21,2025-04-02 09:00:00,30000000005,2025-04-06 13:00:00,11,15,Ν06Χ
22,2025-06-06 09:00:00,30000000005,2025-06-13 13:00:00,12,15,Μ31Μ
23,2025-08-10 09:00:00,30000000005,2025-08-14 13:00:00,13,15,Α30Μ
24,2025-10-14 09:00:00,30000000005,2025-10-20 17:00:00,14,15,Ι22Μ
25,2025-03-13 09:00:00,30000000006,2025-03-16 19:00:00,9,9,Φ01Α
26,2025-05-17 09:00:00,30000000006,2025-05-20 18:00:00,10,9,Θ22Χ
27,2025-07-21 09:00:00,30000000006,2025-07-25 19:00:00,11,9,Μ08Χ
28,2025-09-24 09:00:00,30000000006,2025-09-26 16:00:00,12,9,Π11Α
29,2025-04-12 09:00:00,30000000007,2025-04-16 19:00:00,14,10,Η05Μ
30,2025-06-16 09:00:00,30000000007,2025-06-19 13:00:00,15,10,Κ43Μ
31,2025-08-20 09:00:00,30000000007,2025-08-27 15:00:00,16,10,Η06Μ
32,2025-10-24 09:00:00,30000000007,2025-10-28 17:00:00,17,10,Α22Μβ
33,2025-01-12 09:00:00,30000000008,2025-01-15 18:00:00,16,8,Ο12Α
34,2025-03-18 09:00:00,30000000008,2025-03-22 16:00:00,17,8,Δ07Α
35,2025-05-22 09:00:00,30000000008,2025-05-25 12:00:00,18,8,Κ18Χ
36,2025-07-26 09:00:00,30000000008,2025-08-01 13:00:00,19,8,Κ09Μα
37,2025-02-07 09:00:00,30000000009,2025-02-10 17:00:00,22,10,Ο11Α
38,2025-04-13 09:00:00,30000000009,2025-04-15 15:00:00,23,10,Η43Χ
39,2025-06-17 09:00:00,30000000009,2025-06-20 14:00:00,24,10,Γ05Χ
40,2025-08-21 09:00:00,30000000009,2025-08-26 18:00:00,25,10,Τ26Χ
41,2025-02-04 09:00:00,30000000010,2025-02-09 14:00:00,1,11,Φ63Χ
42,2025-04-10 09:00:00,30000000010,2025-04-15 18:00:00,2,11,Α01Μ
43,2025-06-14 09:00:00,30000000010,2025-06-18 13:00:00,3,11,Κ41Χ
44,2025-08-18 09:00:00,30000000010,2025-08-20 11:00:00,4,11,Μ64Χ
45,2025-03-02 09:00:00,30000000011,2025-03-07 15:00:00,21,1,Α34Μα
46,2025-05-06 09:00:00,30000000011,2025-05-08 13:00:00,22,1,Ο16Α
47,2025-07-10 09:00:00,30000000011,2025-07-16 18:00:00,23,1,Υ09Χβ
48,2025-09-13 09:00:00,30000000011,2025-09-19 16:00:00,24,1,Α26Μα
49,2026-01-05 10:00:00,30000000020,2026-01-10 12:00:00,1,3,Ε12Α
50,2026-02-19 10:00:00,30000000020,2026-02-25 17:00:00,13,14,Μ75Χ
51,2026-04-05 10:00:00,30000000020,2026-04-12 17:00:00,4,4,Μ28Χ
52,2026-01-05 10:00:00,30000000021,2026-01-10 12:00:00,5,4,Σ04Χ
53,2026-02-19 10:00:00,30000000021,2026-02-25 20:00:00,3,1,Ν38Μ
54,2026-04-05 10:00:00,30000000021,2026-04-12 20:00:00,17,14,Α10Μ
55,2026-03-05 10:00:00,30000000022,2026-03-10 12:00:00,13,9,Ω01Α
56,2026-04-19 10:00:00,30000000022,2026-04-25 14:00:00,12,7,Γ06Χ
57,2026-06-03 10:00:00,30000000022,2026-06-10 19:00:00,20,14,Μ32Χ
58,2026-03-05 10:00:00,30000000023,2026-03-10 13:00:00,20,13,Κ13Μ
59,2026-04-19 10:00:00,30000000023,2026-04-25 13:00:00,9,1,Μ79Μ
60,2026-06-03 10:00:00,30000000023,2026-06-10 14:00:00,16,7,Ω30Μ
61,2026-05-05 10:00:00,30000000024,2026-05-10 14:00:00,15,5,Β05Α
62,2026-06-19 10:00:00,30000000024,2026-06-25 13:00:00,14,3,Θ21Α
63,2026-08-03 10:00:00,30000000024,2026-08-10 13:00:00,23,11,Π01Μ
64,2026-05-05 10:00:00,30000000025,2026-05-10 16:00:00,16,3,Ε08Χ
65,2026-06-19 10:00:00,30000000025,2026-06-25 19:00:00,21,7,Φ25Χ
66,2026-08-03 10:00:00,30000000025,2026-08-10 15:00:00,24,9,Μ78Χ
67,2026-07-05 10:00:00,30000000026,2026-07-10 19:00:00,1,11,Θ06Χ
68,2026-08-19 10:00:00,30000000026,2026-08-25 17:00:00,20,3,Λ24Α
69,2026-10-03 10:00:00,30000000026,2026-10-10 19:00:00,21,3,Ω14Α
70,2026-07-05 10:00:00,30000000027,2026-07-10 12:00:00,5,12,Κ10Μ
71,2026-08-19 10:00:00,30000000027,2026-08-25 16:00:00,24,4,Υ20Χ
72,2026-10-03 10:00:00,30000000027,2026-10-10 17:00:00,2,7,Χ20Α
73,2026-09-05 10:00:00,30000000028,2026-09-10 15:00:00,7,11,Λ03Χ
74,2026-10-20 10:00:00,30000000028,2026-10-26 14:00:00,26,3,Κ19Α
75,2026-12-04 10:00:00,30000000028,2026-12-11 19:00:00,4,6,Ν21Μ
76,2026-09-05 10:00:00,30000000029,2026-09-10 18:00:00,13,14,Γ10Α
77,2026-10-20 10:00:00,30000000029,2026-10-26 20:00:00,3,3,Υ23Μ
78,2026-12-04 10:00:00,30000000029,2026-12-11 19:00:00,9,8,Φ25Μ
79,2025-02-10 11:00:00,30000000121,2025-02-12 17:00:00,10,8,Χ47Α
80,2025-03-11 11:00:00,30000000120,2025-03-13 16:00:00,7,4,S01Α
81,2025-04-12 11:00:00,30000000158,2025-04-14 20:00:00,13,9,Θ09Μ
82,2025-05-13 11:00:00,30000000062,2025-05-15 19:00:00,17,12,Υ21Α
83,2025-06-14 11:00:00,30000000029,2025-06-16 16:00:00,14,8,Κ17Χ
84,2025-07-15 11:00:00,30000000084,2025-07-19 14:00:00,20,13,Ν31Χ
85,2026-02-10 11:00:00,30000000182,2026-02-12 19:00:00,13,5,Α27Χ
86,2026-03-11 11:00:00,30000000123,2026-03-16 18:00:00,11,2,Δ20Α
87,2026-04-12 11:00:00,30000000138,2026-04-17 14:00:00,11,1,Π28Μ
88,2026-05-13 11:00:00,30000000067,2026-05-15 13:00:00,13,2,Χ41Α
89,2026-06-14 11:00:00,30000000188,2026-06-17 20:00:00,14,2,Ν29Χ
90,2026-07-15 11:00:00,30000000121,2026-07-17 19:00:00,22,9,Φ61Α
91,2025-02-10 11:00:00,30000000158,2025-02-13 16:00:00,26,12,Κ32Χ
92,2025-03-11 11:00:00,30000000135,2025-03-17 19:00:00,22,7,Ω34Α
93,2025-04-12 11:00:00,30000000062,2025-04-18 15:00:00,26,10,Γ01Α
94,2025-05-13 11:00:00,30000000124,2025-05-19 18:00:00,21,4,Μ04Μ
95,2025-06-14 11:00:00,30000000215,2025-06-17 18:00:00,26,8,Ρ20Μ
96,2025-07-15 11:00:00,30000000202,2025-07-19 14:00:00,2,9,Π11Α
97,2026-02-10 11:00:00,30000000163,2026-02-14 19:00:00,1,7,Υ09Μ
98,2026-03-11 11:00:00,30000000223,2026-03-15 20:00:00,5,10,Δ13Μ
99,2026-04-12 11:00:00,30000000019,2026-04-16 19:00:00,24,2,Β10Α
100,2026-05-13 11:00:00,30000000211,2026-05-17 16:00:00,6,9,Β06Μ
101,2026-06-14 11:00:00,30000000019,2026-06-20 21:00:00,3,5,Α26Μα
102,2026-07-15 11:00:00,30000000021,2026-07-18 18:00:00,12,13,Ν06Μ
103,2025-02-10 11:00:00,30000000133,2025-02-12 15:00:00,2,2,Ο22Α
104,2025-03-11 11:00:00,30000000018,2025-03-17 19:00:00,6,5,Κ43Μ
105,2025-04-12 11:00:00,30000000007,2025-04-18 21:00:00,14,12,Κ32Μ
106,2025-05-13 11:00:00,30000000039,2025-05-18 19:00:00,9,6,G01Μα
107,2025-06-14 11:00:00,30000000216,2025-06-19 15:00:00,16,12,Ο23Α
108,2025-07-15 11:00:00,30000000011,2025-07-17 17:00:00,14,9,Κ10Χ
109,2026-02-10 11:00:00,30000000103,2026-02-16 13:00:00,13,7,Λ05Α
110,2026-03-11 11:00:00,30000000032,2026-03-15 21:00:00,19,12,Ω03Α
111,2026-04-12 11:00:00,30000000060,2026-04-16 14:00:00,20,12,Τ02Α
112,2026-05-13 11:00:00,30000000060,2026-05-18 19:00:00,22,13,Κ09Μα
113,2026-06-14 11:00:00,30000000215,2026-06-20 14:00:00,20,10,Ν40Α
114,2026-07-15 11:00:00,30000000166,2026-07-19 15:00:00,16,5,Ε05Α
115,2025-02-10 11:00:00,30000000125,2025-02-15 18:00:00,20,8,Μ13Μ
116,2025-03-11 11:00:00,30000000092,2025-03-13 19:00:00,19,6,Β02Μ
117,2025-04-12 11:00:00,30000000134,2025-04-17 18:00:00,19,5,Μ24Α
118,2025-05-13 11:00:00,30000000099,2025-05-19 19:00:00,16,1,Π26Α
119,2025-06-14 11:00:00,30000000083,2025-06-20 13:00:00,19,3,Δ29Χ
120,2025-07-15 11:00:00,30000000030,2025-07-19 17:00:00,4,13,Υ05Μ
121,2026-02-10 11:00:00,30000000210,2026-02-13 15:00:00,5,13,Γ09Α
122,2026-03-11 11:00:00,30000000049,2026-03-17 17:00:00,4,11,Υ22Α
123,2026-04-12 11:00:00,30000000145,2026-04-14 14:00:00,1,7,Ρ05Χ
124,2026-05-13 11:00:00,30000000153,2026-05-18 21:00:00,10,15,Υ06Μ
125,2026-06-14 11:00:00,30000000018,2026-06-18 16:00:00,10,14,Δ12Χα
126,2026-07-15 11:00:00,30000000100,2026-07-21 21:00:00,11,14,Ι22Μ
127,2025-02-10 11:00:00,30000000191,2025-02-13 18:00:00,26,2,Α26Μα
128,2025-03-11 11:00:00,30000000074,2025-03-16 15:00:00,3,4,Κ41Χ
129,2025-04-12 11:00:00,30000000015,2025-04-16 17:00:00,13,13,Α30Μ
130,2025-05-13 11:00:00,30000000029,2025-05-17 17:00:00,6,5,Ο15Α
131,2025-06-14 11:00:00,30000000038,2025-06-20 14:00:00,16,14,Π45Μ
132,2025-07-15 11:00:00,30000000210,2025-07-17 13:00:00,11,8,Α11Χ
133,2026-02-10 11:00:00,30000000047,2026-02-16 19:00:00,14,10,Θ05Χ
134,2026-03-11 11:00:00,30000000173,2026-03-16 13:00:00,18,13,Β03Α
135,2026-04-12 11:00:00,30000000004,2026-04-18 16:00:00,16,10,Β20Μ
136,2026-05-13 11:00:00,30000000187,2026-05-19 16:00:00,15,8,Ε08Μ
137,2026-06-14 11:00:00,30000000111,2026-06-19 16:00:00,13,5,Μ65Χ
138,2026-07-15 11:00:00,30000000216,2026-07-19 13:00:00,24,15,Μ05Χ
139,2026-07-13 08:00:00,30000000146,2026-07-18 16:00:00,12,2,Α24Μ
140,2026-03-11 16:00:00,30000000212,2026-03-19 02:00:00,13,2,Δ25Μ
141,2025-06-19 16:00:00,30000000197,2025-06-26 19:00:00,15,3,Η20Μ
142,2026-04-18 14:00:00,30000000144,2026-04-26 18:00:00,18,5,Γ10Α
143,2026-02-17 17:00:00,30000000039,2026-02-27 02:00:00,1,13,Ν36Χ
144,2026-11-02 07:00:00,30000000159,2026-11-11 12:00:00,4,15,Δ29Χ
145,2026-03-21 13:00:00,30000000130,2026-03-30 15:00:00,25,9,S01Α
146,2026-05-12 17:00:00,30000000115,2026-05-20 03:00:00,5,14,Η01Μ
147,2025-08-17 14:00:00,30000000014,2025-08-27 22:00:00,26,8,Ν40Α
148,2026-12-12 14:00:00,30000000119,2026-12-23 22:00:00,24,5,Κ15Μ
149,2025-07-16 15:00:00,30000000074,2025-07-19 17:00:00,26,6,Κ09Μα
150,2026-01-13 10:00:00,30000000175,2026-01-25 20:00:00,5,10,Ω37Α
151,2026-05-02 17:00:00,30000000211,2026-05-08 22:00:00,26,4,Ω34Α
152,2026-08-13 15:00:00,30000000039,2026-08-24 18:00:00,8,11,Ζ22Μ
153,2026-12-20 17:00:00,30000000028,2026-12-24 21:00:00,12,14,Λ03Μ
154,2025-11-01 07:00:00,30000000038,2025-11-02 09:00:00,7,8,Γ04Χ
155,2025-05-22 16:00:00,30000000059,2025-05-31 20:00:00,3,3,Ξ20Χβ
156,2026-06-17 18:00:00,30000000202,2026-06-25 02:00:00,6,5,Ν30Μβ
157,2026-04-22 18:00:00,30000000097,2026-04-25 03:00:00,15,13,Π45Χ
158,2025-11-10 16:00:00,30000000182,2025-11-22 23:00:00,14,11,Ξ20Μ
159,2025-01-15 18:00:00,30000000043,2025-01-27 02:00:00,18,14,Π41Μ
160,2025-03-15 07:00:00,30000000081,2025-03-17 16:00:00,20,15,Μ12Μα
161,2026-08-18 14:00:00,30000000166,2026-08-23 18:00:00,15,9,Α22Μβ
162,2026-03-18 16:00:00,30000000033,2026-03-30 21:00:00,19,12,Β20Χ
163,2026-06-17 11:00:00,30000000183,2026-06-24 13:00:00,20,12,Δ13Χ
164,2025-05-04 14:00:00,30000000030,2025-05-15 23:00:00,16,7,Φ02Μ
165,2026-11-12 16:00:00,30000000168,2026-11-25 02:00:00,20,10,Η02Μβ
166,2025-03-05 15:00:00,30000000037,2025-03-06 21:00:00,18,7,Β23Α
167,2026-09-20 07:00:00,30000000178,2026-09-26 15:00:00,15,3,Η07Χ
168,2025-06-10 08:00:00,30000000111,2025-06-20 14:00:00,17,4,Γ09Α
169,2025-11-16 15:00:00,30000000100,2025-11-24 17:00:00,19,5,Α36Α
170,2025-09-08 16:00:00,30000000195,2025-09-13 01:00:00,4,15,Μ03Μ
171,2025-11-22 17:00:00,30000000186,2025-12-01 02:00:00,22,6,Κ32Χ
172,2025-11-18 10:00:00,30000000019,2025-11-25 19:00:00,5,14,Α21Μ
173,2026-09-22 08:00:00,30000000042,2026-10-04 17:00:00,20,2,Τ05Α
174,2026-10-05 11:00:00,30000000118,2026-10-13 21:00:00,25,6,Κ11Μ
175,2025-09-07 08:00:00,30000000042,2025-09-18 13:00:00,26,6,Ο22Α
176,2025-04-12 17:00:00,30000000190,2025-04-18 19:00:00,3,8,Ο01Α
177,2026-09-23 11:00:00,30000000105,2026-09-29 14:00:00,5,9,Κ30Μ
178,2025-04-21 10:00:00,30000000158,2025-05-02 13:00:00,6,9,Θ20Μ
179,2026-10-21 11:00:00,30000000130,2026-10-23 16:00:00,1,3,Τ23Α
180,2025-05-10 14:00:00,30000000033,2025-05-14 21:00:00,3,4,Ε12Α
181,2025-08-11 16:00:00,30000000108,2025-08-12 19:00:00,5,5,S25Α
182,2025-10-01 16:00:00,30000000080,2025-10-06 02:00:00,13,12,Δ27Χ
183,2025-10-06 14:00:00,30000000223,2025-10-09 17:00:00,12,10,Μ64Χ
184,2026-09-17 15:00:00,30000000186,2026-09-25 01:00:00,12,9,Α28Χ
185,2025-07-24 15:00:00,30000000228,2025-08-05 21:00:00,6,2,Ο21Μ
186,2026-04-02 18:00:00,30000000217,2026-04-12 20:00:00,14,9,Ω04Χ
187,2025-06-12 09:00:00,30000000114,2025-06-16 17:00:00,21,15,Τ25Μβ
188,2026-11-04 16:00:00,30000000019,2026-11-15 23:00:00,19,12,Φ11Μ
189,2026-12-24 14:00:00,30000000195,2026-12-31 16:00:00,14,6,Λ01Χ
190,2026-08-17 09:00:00,30000000213,2026-08-27 15:00:00,22,13,Φ25Μ
191,2026-09-05 17:00:00,30000000007,2026-09-15 01:00:00,15,5,Π06Α
192,2026-10-05 15:00:00,30000000027,2026-10-17 00:00:00,23,12,Ν32Μ
193,2025-08-07 12:00:00,30000000085,2025-08-17 17:00:00,15,3,Μ63Χ
194,2025-07-22 16:00:00,30000000035,2025-07-24 19:00:00,20,7,Σ01Μ
195,2025-12-12 12:00:00,30000000078,2025-12-23 22:00:00,26,12,Ν29Χ
196,2025-12-05 08:00:00,30000000120,2025-12-11 18:00:00,18,3,Α02Μβ
197,2026-07-07 07:00:00,30000000069,2026-07-14 09:00:00,25,9,Ν41Χ
198,2025-05-20 11:00:00,30000000091,2025-05-25 15:00:00,25,8,Π02Μ
199,2026-12-19 15:00:00,30000000199,2026-12-30 19:00:00,7,15,Κ17Χ
200,2026-05-24 15:00:00,30000000198,2026-05-28 23:00:00,26,7,Σ03Μ
201,2026-06-24 11:00:00,30000000049,2026-06-27 20:00:00,4,10,Π10Χ
202,2025-09-24 07:00:00,30000000202,2025-10-06 14:00:00,22,1,Θ23Μ
203,2026-06-07 12:00:00,30000000220,2026-06-15 21:00:00,11,15,Α25Μ
204,2025-12-12 18:00:00,30000000205,2025-12-20 20:00:00,5,8,Κ01Χ
205,2026-01-13 14:00:00,30000000186,2026-01-19 17:00:00,6,8,Υ05Χ
206,2026-07-09 08:00:00,30000000172,2026-07-17 14:00:00,26,1,Μ64Χ
207,2026-09-01 13:00:00,30000000185,2026-09-09 21:00:00,14,14,Φ60Μ
208,2025-02-05 13:00:00,30000000223,2025-02-06 17:00:00,6,5,Δ08Χ
209,2025-11-17 09:00:00,30000000156,2025-11-25 14:00:00,11,9,Ω31Α
210,2026-07-03 12:00:00,30000000208,2026-07-08 16:00:00,6,3,Κ09Μα
211,2025-12-02 16:00:00,30000000002,2025-12-06 02:00:00,6,2,Ν82Μβ
212,2026-04-07 07:00:00,30000000082,2026-04-14 12:00:00,15,10,Δ01Μ
213,2026-06-04 07:00:00,30000000135,2026-06-06 13:00:00,15,9,Ξ02Μ
214,2025-04-04 13:00:00,30000000143,2025-04-07 17:00:00,19,12,Κ15Μ
215,2025-03-04 10:00:00,30000000084,2025-03-14 18:00:00,15,7,Φ64Μ
216,2025-09-10 15:00:00,30000000163,2025-09-20 17:00:00,16,7,Ζ02Μ
217,2026-04-22 10:00:00,30000000084,2026-05-01 13:00:00,22,12,Ε09Β
218,2026-12-07 09:00:00,30000000137,2026-12-16 12:00:00,19,8,Π41Χ
219,2025-12-22 16:00:00,30000000033,2025-12-30 00:00:00,17,5,Β20Μ
220,2025-07-06 08:00:00,30000000132,2025-07-09 10:00:00,1,14,Δ12Μ
221,2026-05-23 09:00:00,30000000148,2026-06-03 17:00:00,19,5,Ω30Χ
222,2026-11-17 09:00:00,30000000224,2026-11-18 15:00:00,3,14,Θ20Μ
223,2025-11-01 07:00:00,30000000206,2025-11-07 11:00:00,26,10,Μ64Χ
224,2025-12-11 14:00:00,30000000035,2025-12-15 20:00:00,2,11,Α27Μ
225,2025-12-05 09:00:00,30000000029,2025-12-13 13:00:00,7,15,Θ04Μ
226,2025-08-02 09:00:00,30000000150,2025-08-08 12:00:00,2,9,Α33Μα
227,2025-03-20 13:00:00,30000000159,2025-03-21 15:00:00,5,11,Κ32Μ
228,2026-10-14 16:00:00,30000000117,2026-10-27 00:00:00,23,2,Ν39Μ
229,2025-12-24 08:00:00,30000000091,2025-12-26 12:00:00,25,3,Ω02Μβ
230,2025-12-10 11:00:00,30000000022,2025-12-11 15:00:00,6,9,Α21Μ
231,2025-02-11 15:00:00,30000000060,2025-02-17 19:00:00,1,3,Ν12Χ
232,2025-12-24 10:00:00,30000000000,2025-12-28 19:00:00,14,15,Θ04Χ
233,2026-10-12 07:00:00,30000000172,2026-10-14 16:00:00,5,5,Κ13Χ
234,2026-02-12 12:00:00,30000000207,2026-02-16 14:00:00,2,1,S20Χ
235,2026-10-06 14:00:00,30000000093,2026-10-09 19:00:00,8,6,Β20Χ
236,2025-08-17 08:00:00,30000000128,2025-08-28 12:00:00,6,3,Ρ23Α
237,2026-05-09 10:00:00,30000000188,2026-05-18 12:00:00,5,1,Ω04Μ
238,2025-08-12 18:00:00,30000000215,2025-08-22 02:00:00,10,5,Θ05Μ
239,2026-09-01 14:00:00,30000000062,2026-09-08 20:00:00,16,10,Ρ22Μ
240,2026-04-20 07:00:00,30000000204,2026-04-24 14:00:00,18,11,Ν02Μβ
241,2025-12-15 07:00:00,30000000050,2025-12-25 15:00:00,10,2,Ο22Α
242,2025-03-15 12:00:00,30000000001,2025-03-18 19:00:00,14,5,Ν29Μ
243,2026-12-08 10:00:00,30000000198,2026-12-14 17:00:00,17,7,Γ06Χ
244,2026-12-24 18:00:00,30000000187,2026-12-26 03:00:00,15,4,Π44Μ
245,2025-07-21 18:00:00,30000000031,2025-07-23 04:00:00,23,11,Α02Μβ
246,2026-12-03 11:00:00,30000000024,2026-12-13 18:00:00,22,9,Κ08Μ
247,2026-05-06 14:00:00,30000000098,2026-05-15 18:00:00,20,6,Δ20Μ
248,2025-09-11 11:00:00,30000000163,2025-09-23 14:00:00,18,3,Ν21Μ
249,2026-08-24 08:00:00,30000000037,2026-09-01 11:00:00,22,6,Λ04Χ
250,2026-04-17 13:00:00,30000000140,2026-04-19 15:00:00,24,7,Α31Χ
251,2025-09-11 13:00:00,30000000166,2025-09-16 17:00:00,2,10,Φ03Α
252,2026-09-21 11:00:00,30000000129,2026-10-02 18:00:00,23,4,Ε04Α
253,2025-12-23 17:00:00,30000000212,2025-12-28 01:00:00,24,4,Π03Χα
254,2026-03-05 17:00:00,30000000001,2026-03-11 03:00:00,25,4,Μ25Χ
255,2025-05-06 10:00:00,30000000133,2025-05-11 20:00:00,3,7,Ν39Μ
256,2026-07-10 15:00:00,30000000061,2026-07-21 18:00:00,11,14,Π28Μ
257,2026-01-14 08:00:00,30000000034,2026-01-17 17:00:00,13,15,Κ38Χ
258,2025-09-17 07:00:00,30000000193,2025-09-22 09:00:00,7,8,Ε03Α
259,2025-09-18 12:00:00,30000000109,2025-09-19 17:00:00,3,3,Λ01Χ
260,2025-12-11 11:00:00,30000000118,2025-12-14 19:00:00,6,5,Ζ02Χ
261,2026-12-12 08:00:00,30000000135,2026-12-16 17:00:00,16,14,Μ08Χ
262,2026-02-08 13:00:00,30000000093,2026-02-14 21:00:00,18,15,Λ23Α
263,2026-09-07 07:00:00,30000000088,2026-09-19 12:00:00,7,3,Λ05Α
264,2026-03-06 10:00:00,30000000113,2026-03-07 18:00:00,13,8,Ο10Α
265,2026-08-01 07:00:00,30000000053,2026-08-08 12:00:00,14,8,Α29Μ
266,2025-03-07 14:00:00,30000000067,2025-03-15 20:00:00,12,5,Π28Α
267,2025-02-03 12:00:00,30000000224,2025-02-12 19:00:00,13,5,Γ05Μ
268,2026-08-22 11:00:00,30000000154,2026-08-31 17:00:00,18,9,Μ04Χ
269,2026-03-05 11:00:00,30000000120,2026-03-10 17:00:00,16,6,W11Α
270,2026-03-24 18:00:00,30000000016,2026-03-28 23:00:00,13,2,Μ03Μ
271,2026-05-12 13:00:00,30000000205,2026-05-22 16:00:00,1,15,Κ14Μα
272,2025-04-06 10:00:00,30000000019,2025-04-14 20:00:00,2,15,Μ31Χ
273,2026-05-20 16:00:00,30000000224,2026-05-27 00:00:00,2,14,Α33Μα
274,2025-02-13 07:00:00,30000000165,2025-02-23 16:00:00,22,7,Λ03Χ
275,2026-12-10 08:00:00,30000000052,2026-12-19 13:00:00,22,6,Κ14Μα
276,2026-11-09 13:00:00,30000000197,2026-11-12 23:00:00,24,7,Φ02Χ
277,2025-03-17 14:00:00,30000000139,2025-03-23 00:00:00,5,13,Κ44Α
278,2025-03-15 10:00:00,30000000201,2025-03-25 16:00:00,4,11,Δ13Μ
279,2026-10-05 17:00:00,30000000179,2026-10-10 20:00:00,9,15,Μ10Χ
280,2026-06-18 09:00:00,30000000142,2026-06-20 16:00:00,3,8,Α34Χ
281,2026-08-23 14:00:00,30000000216,2026-08-30 00:00:00,10,14,Δ07Α
282,2026-01-24 07:00:00,30000000225,2026-01-27 10:00:00,5,8,Ω04Χ
283,2026-12-03 12:00:00,30000000150,2026-12-06 18:00:00,9,11,Ν37Α
284,2025-08-16 14:00:00,30000000004,2025-08-22 18:00:00,8,9,Ν01Χ
285,2026-10-02 11:00:00,30000000086,2026-10-12 20:00:00,14,14,Θ20Χ
286,2026-07-06 07:00:00,30000000212,2026-07-14 17:00:00,6,5,Π28Μ
287,2025-11-01 15:00:00,30000000029,2025-11-06 23:00:00,4,2,Ρ10Μβ
288,2025-01-12 10:00:00,30000000036,2025-01-17 19:00:00,17,14,G01Μβ
289,2026-09-08 09:00:00,30000000190,2026-09-09 19:00:00,15,11,Υ28Α
290,2025-09-20 18:00:00,30000000083,2025-09-26 21:00:00,20,15,Κ13Χ
291,2025-02-17 09:00:00,30000000220,2025-02-22 18:00:00,13,7,Σ22Χ
292,2026-09-14 13:00:00,30000000027,2026-09-25 22:00:00,22,15,Μ25Χ
293,2026-12-04 18:00:00,30000000125,2026-12-11 03:00:00,16,8,Ο61Χ
294,2025-11-24 17:00:00,30000000228,2025-12-01 20:00:00,15,6,Χ46Α
295,2025-10-06 16:00:00,30000000165,2025-10-14 18:00:00,20,10,Δ01Μ
296,2025-12-05 09:00:00,30000000024,2025-12-14 11:00:00,26,15,Τ25Μγ
297,2025-05-07 08:00:00,30000000223,2025-05-12 10:00:00,25,13,Υ05Μ
298,2025-06-21 18:00:00,30000000114,2025-06-26 04:00:00,23,10,Α25Μ
299,2025-11-06 13:00:00,30000000171,2025-11-10 19:00:00,16,2,Γ21Α
300,2026-08-07 10:00:00,30000000111,2026-08-17 18:00:00,18,3,Π41Μ
301,2025-06-23 08:00:00,30000000104,2025-07-02 13:00:00,2,12,Φ03Α
302,2025-11-10 14:00:00,30000000021,2025-11-21 23:00:00,25,8,Κ07Μβ
303,2026-10-15 14:00:00,30000000207,2026-10-26 23:00:00,1,9,Ε12Α
304,2026-08-10 15:00:00,30000000006,2026-08-14 19:00:00,2,9,Ν42Μα
305,2025-08-22 17:00:00,30000000027,2025-08-27 22:00:00,4,10,Γ12Χ
306,2026-04-18 11:00:00,30000000042,2026-04-24 19:00:00,10,15,Μ21Α
307,2026-09-07 18:00:00,30000000028,2026-09-14 04:00:00,9,13,Γ10Α
308,2026-06-06 13:00:00,30000000170,2026-06-07 17:00:00,10,13,Ο20Μ
309,2026-04-16 15:00:00,30000000207,2026-04-24 00:00:00,8,10,Α12Μ
310,2025-04-06 09:00:00,30000000190,2025-04-12 12:00:00,5,6,Ε13Α
311,2025-07-13 13:00:00,30000000175,2025-07-17 17:00:00,10,10,Μ27Χ
312,2025-03-22 13:00:00,30000000159,2025-03-29 22:00:00,11,10,Φ60Μ
313,2026-02-08 15:00:00,30000000179,2026-02-09 21:00:00,5,3,Π04Μα
314,2026-01-10 15:00:00,30000000217,2026-01-20 19:00:00,11,8,Δ12Μ
315,2025-11-12 08:00:00,30000000025,2025-11-24 18:00:00,16,12,Θ09Χα
316,2025-09-04 08:00:00,30000000097,2025-09-16 17:00:00,20,15,Θ04Μ
317,2025-10-03 07:00:00,30000000115,2025-10-12 12:00:00,20,14,Ω14Α
318,2026-12-10 13:00:00,30000000197,2026-12-11 20:00:00,15,8,Ν04Χ
319,2026-07-07 13:00:00,30000000090,2026-07-16 16:00:00,20,12,Β02Μ
320,2025-11-14 17:00:00,30000000077,2025-11-15 21:00:00,13,4,Δ01Μ
321,2025-10-05 11:00:00,30000000201,2025-10-10 13:00:00,22,12,Κ36Μ
322,2025-07-20 14:00:00,30000000215,2025-07-22 00:00:00,17,6,Α26Μβ
323,2026-05-11 11:00:00,30000000127,2026-05-21 17:00:00,22,10,Τ02Α
324,2025-04-14 12:00:00,30000000193,2025-04-16 22:00:00,1,14,Α12Μ
325,2025-08-13 08:00:00,30000000174,2025-08-20 17:00:00,19,5,Ν39Χ
326,2025-12-07 13:00:00,30000000196,2025-12-19 21:00:00,23,8,Κ45Μβ
327,2026-02-04 17:00:00,30000000077,2026-02-08 02:00:00,19,3,Κ42Μ
328,2025-11-08 08:00:00,30000000055,2025-11-09 10:00:00,22,5,Α22Μβ
329,2025-07-13 10:00:00,30000000012,2025-07-17 13:00:00,7,15,S25Α
330,2025-02-10 10:00:00,30000000173,2025-02-19 17:00:00,6,13,Δ27Χ
331,2025-08-20 12:00:00,30000000026,2025-08-30 16:00:00,22,2,Γ05Χ
332,2026-10-22 10:00:00,30000000013,2026-10-23 16:00:00,8,13,Υ04Μ
333,2026-04-23 15:00:00,30000000169,2026-04-30 20:00:00,2,6,Η23Χ
334,2025-02-14 12:00:00,30000000133,2025-02-22 21:00:00,11,14,Μ12Χ
335,2026-10-07 15:00:00,30000000149,2026-10-15 23:00:00,8,10,Φ11Χ
336,2025-03-20 12:00:00,30000000048,2025-03-25 15:00:00,1,2,Β06Μ
337,2026-05-12 16:00:00,30000000212,2026-05-23 21:00:00,11,11,Μ03Χ
338,2026-05-12 10:00:00,30000000115,2026-05-19 12:00:00,16,15,Κ43Μ
339,2026-10-03 15:00:00,30000000120,2026-10-10 18:00:00,16,14,Α35Μα
340,2025-10-07 08:00:00,30000000229,2025-10-10 18:00:00,12,9,Ο22Α
341,2026-09-15 16:00:00,30000000201,2026-09-18 02:00:00,15,11,Μ19Μ
342,2026-12-01 12:00:00,30000000034,2026-12-10 14:00:00,9,4,Τ02Α
343,2025-06-04 12:00:00,30000000174,2025-06-15 15:00:00,7,1,Λ24Α
344,2026-10-11 14:00:00,30000000156,2026-10-21 20:00:00,18,11,Ο13Α
345,2026-02-12 14:00:00,30000000032,2026-02-17 00:00:00,18,10,Μ06Α
346,2026-02-20 14:00:00,30000000146,2026-02-23 21:00:00,10,1,W10Α
347,2026-09-05 18:00:00,30000000007,2026-09-13 20:00:00,19,9,Φ61Α
348,2025-10-19 11:00:00,30000000075,2025-10-20 19:00:00,13,2,Χ42Χ
349,2026-11-12 18:00:00,30000000092,2026-11-24 23:00:00,16,4,Ω03Α
350,2026-10-17 09:00:00,30000000162,2026-10-28 18:00:00,14,1,Φ26Χ
351,2025-05-21 11:00:00,30000000090,2025-05-23 14:00:00,16,2,Ν01Χ
352,2025-03-07 10:00:00,30000000146,2025-03-09 12:00:00,25,10,S01Α
353,2026-12-06 07:00:00,30000000089,2026-12-10 15:00:00,4,14,Α26Μα
354,2025-09-11 15:00:00,30000000121,2025-09-15 18:00:00,18,1,Φ02Χ
355,2025-09-15 10:00:00,30000000151,2025-09-24 14:00:00,2,10,Α28Μ
356,2026-01-08 16:00:00,30000000131,2026-01-13 23:00:00,20,1,Δ23Χ
357,2025-09-08 12:00:00,30000000067,2025-09-16 17:00:00,8,14,Η20Μ
358,2026-08-19 16:00:00,30000000190,2026-08-27 18:00:00,23,2,Ν31Μ
359,2025-08-20 09:00:00,30000000120,2025-08-31 14:00:00,4,8,Α27Χ
360,2026-06-15 08:00:00,30000000223,2026-06-22 15:00:00,26,3,Μ17Μ
361,2026-10-23 07:00:00,30000000024,2026-10-30 10:00:00,12,14,Κ44Α
362,2025-12-05 11:00:00,30000000051,2025-12-15 20:00:00,1,2,Η23Μ
363,2026-08-06 09:00:00,30000000090,2026-08-10 11:00:00,5,5,Η40Μβ
364,2026-01-09 07:00:00,30000000209,2026-01-14 17:00:00,3,2,Ν04Μ
365,2025-12-11 15:00:00,30000000034,2025-12-20 21:00:00,11,9,Μ13Χ
366,2026-11-15 15:00:00,30000000096,2026-11-25 23:00:00,5,2,Φ10Α
367,2026-04-20 07:00:00,30000000156,2026-04-27 11:00:00,5,1,Κ09Μβ
368,2026-01-07 18:00:00,30000000101,2026-01-11 01:00:00,8,3,Α22Μβ
369,2025-07-16 14:00:00,30000000182,2025-07-19 22:00:00,14,8,Υ06Μ
370,2026-03-23 09:00:00,30000000166,2026-03-25 11:00:00,11,4,Ν40Α
371,2025-07-20 11:00:00,30000000147,2025-07-25 13:00:00,16,8,Κ31Μ
372,2025-11-04 08:00:00,30000000071,2025-11-07 18:00:00,19,10,Λ03Χ
373,2025-10-20 08:00:00,30000000125,2025-10-31 14:00:00,19,9,Τ03Α
374,2026-09-18 16:00:00,30000000063,2026-09-22 21:00:00,17,6,Β01Χ
375,2026-10-20 12:00:00,30000000099,2026-10-22 17:00:00,25,13,Τ06Μ
376,2025-09-16 08:00:00,30000000107,2025-09-26 14:00:00,19,6,Β02Χ
377,2025-01-06 07:00:00,30000000173,2025-01-17 11:00:00,22,8,Ε11Μ
378,2026-08-20 12:00:00,30000000157,2026-08-26 14:00:00,18,3,W11Α
379,2026-06-20 10:00:00,30000000123,2026-06-30 15:00:00,2,12,Α10Μ
380,2026-11-11 12:00:00,30000000208,2026-11-19 16:00:00,21,4,Υ09Χα
381,2026-04-12 18:00:00,30000000144,2026-04-22 01:00:00,20,2,Κ44Α
382,2025-03-08 15:00:00,30000000049,2025-03-09 20:00:00,5,12,Κ13Μ
383,2025-05-02 13:00:00,30000000079,2025-05-06 19:00:00,24,4,Τ26Χ
384,2026-02-21 18:00:00,30000000113,2026-03-01 02:00:00,4,9,Ν10Α
385,2025-08-24 09:00:00,30000000188,2025-08-30 16:00:00,2,6,Δ23Μ
386,2026-12-09 10:00:00,30000000103,2026-12-14 18:00:00,2,5,Κ40Μ
387,2026-12-03 10:00:00,30000000039,2026-12-08 17:00:00,7,9,Μ66Χ
388,2025-05-06 12:00:00,30000000062,2025-05-14 22:00:00,6,7,Φ02Μ
389,2026-11-15 09:00:00,30000000132,2026-11-24 16:00:00,8,8,Χ20Α
390,2026-12-06 10:00:00,30000000183,2026-12-13 14:00:00,2,1,Υ08Μ
391,2026-04-18 12:00:00,30000000179,2026-04-19 16:00:00,3,1,Κ13Μ
392,2026-12-07 08:00:00,30000000114,2026-12-09 11:00:00,6,3,Π06Α
393,2026-02-23 07:00:00,30000000088,2026-02-24 16:00:00,14,10,Ο22Α
394,2026-12-03 08:00:00,30000000095,2026-12-08 17:00:00,11,6,Κ34Χ
395,2025-12-23 08:00:00,30000000107,2025-12-28 18:00:00,20,14,Μ17Μ
396,2026-03-23 18:00:00,30000000102,2026-03-27 20:00:00,20,13,Ω02Μβ
397,2025-12-03 18:00:00,30000000227,2025-12-06 02:00:00,17,9,Ω34Α
398,2026-07-08 17:00:00,30000000171,2026-07-14 02:00:00,21,12,Α25Χ
399,2025-03-24 12:00:00,30000000061,2025-04-05 14:00:00,18,8,Γ05Χ
400,2026-10-09 11:00:00,30000000045,2026-10-12 14:00:00,12,1,Κ21Χ
401,2025-08-20 17:00:00,30000000030,2025-08-24 19:00:00,23,11,Κ17Χ
402,2026-03-13 15:00:00,30000000207,2026-03-16 21:00:00,21,8,Η07Χ
403,2025-07-08 12:00:00,30000000026,2025-07-11 17:00:00,2,14,Κ18Χ
404,2026-03-20 12:00:00,30000000081,2026-03-29 19:00:00,25,10,Α25Μ
405,2026-05-04 13:00:00,30000000165,2026-05-09 17:00:00,25,9,Μ19Χ
406,2026-06-08 17:00:00,30000000004,2026-06-19 02:00:00,19,2,Ο21Μ
407,2025-12-04 17:00:00,30000000116,2025-12-11 19:00:00,3,11,Θ22Μ
408,2026-12-06 17:00:00,30000000187,2026-12-17 02:00:00,1,8,Ι22Μ
409,2026-06-13 14:00:00,30000000055,2026-06-26 00:00:00,4,10,Β04Α
410,2025-12-10 18:00:00,30000000060,2025-12-12 03:00:00,1,6,Κ41Μ
411,2025-05-17 17:00:00,30000000161,2025-05-30 00:00:00,23,1,Θ02Χ
412,2025-07-16 14:00:00,30000000048,2025-07-29 00:00:00,2,5,Ε05Α
413,2025-03-04 16:00:00,30000000209,2025-03-09 00:00:00,11,13,Θ24Χ
414,2025-07-02 13:00:00,30000000197,2025-07-14 16:00:00,11,12,Π11Α
415,2025-10-14 11:00:00,30000000181,2025-10-16 18:00:00,5,5,Α10Μ
416,2025-01-07 09:00:00,30000000058,2025-01-15 18:00:00,13,12,Υ02Μ
417,2025-07-22 11:00:00,30000000088,2025-07-26 15:00:00,12,10,Κ43Μ
418,2026-11-18 08:00:00,30000000033,2026-11-22 10:00:00,13,10,Φ02Χ
419,2025-12-08 10:00:00,30000000143,2025-12-19 20:00:00,18,14,Κ44Α
420,2026-07-01 09:00:00,30000000219,2026-07-02 14:00:00,15,10,Μ21Α
421,2025-04-24 10:00:00,30000000156,2025-04-30 14:00:00,10,4,Κ18Μ
422,2026-09-11 16:00:00,30000000037,2026-09-22 21:00:00,14,7,Ν29Μ
423,2026-08-07 17:00:00,30000000074,2026-08-17 19:00:00,15,7,Π02Μ
424,2025-03-04 14:00:00,30000000124,2025-03-07 20:00:00,22,13,Ρ20Μ
425,2026-03-18 10:00:00,30000000229,2026-03-19 13:00:00,19,9,Κ15Μ
426,2026-09-09 08:00:00,30000000187,2026-09-10 18:00:00,19,8,Ε08Μ
427,2025-11-11 11:00:00,30000000142,2025-11-15 14:00:00,18,6,Μ61Μ
428,2026-03-07 18:00:00,30000000029,2026-03-18 04:00:00,16,3,Ω01Α
429,2026-01-06 18:00:00,30000000093,2026-01-16 01:00:00,24,10,Ξ20Χβ
430,2025-05-23 09:00:00,30000000070,2025-05-28 19:00:00,17,2,Ι20Α
431,2026-07-09 10:00:00,30000000138,2026-07-15 20:00:00,23,7,Υ27Χ
432,2026-05-07 11:00:00,30000000055,2026-05-12 19:00:00,5,14,Κ17Μ
433,2025-05-21 07:00:00,30000000217,2025-05-26 16:00:00,3,11,Γ20Μ
434,2025-08-06 10:00:00,30000000011,2025-08-17 19:00:00,24,5,Π01Χ
435,2026-11-20 11:00:00,30000000017,2026-11-25 15:00:00,21,1,Ο15Α
436,2025-02-24 10:00:00,30000000035,2025-03-04 20:00:00,25,4,Κ38Χ
437,2025-04-24 13:00:00,30000000052,2025-04-26 18:00:00,3,7,Π02Χ
438,2025-06-04 07:00:00,30000000013,2025-06-16 14:00:00,8,11,Φ04Μ
439,2025-03-09 17:00:00,30000000086,2025-03-10 20:00:00,4,6,Β02Χ
440,2025-02-11 13:00:00,30000000078,2025-02-15 22:00:00,5,6,Ν82Μβ
441,2025-11-10 10:00:00,30000000017,2025-11-22 16:00:00,5,5,Η23Μ
442,2026-06-21 11:00:00,30000000053,2026-06-24 20:00:00,9,8,Ε06Χγ
443,2025-09-16 13:00:00,30000000209,2025-09-18 16:00:00,8,6,Μ12Χ
444,2026-08-12 16:00:00,30000000061,2026-08-16 18:00:00,5,2,Β02Μ
445,2025-11-04 16:00:00,30000000137,2025-11-15 18:00:00,10,6,Κ39Χ
446,2026-04-05 16:00:00,30000000008,2026-04-11 18:00:00,6,1,Π28Α
447,2025-02-24 08:00:00,30000000177,2025-03-07 14:00:00,17,11,Ν82Χ
448,2025-09-18 14:00:00,30000000059,2025-09-29 16:00:00,22,15,Φ40Α
449,2025-08-19 07:00:00,30000000188,2025-08-30 16:00:00,23,15,Δ20Μ
450,2026-08-07 15:00:00,30000000135,2026-08-17 18:00:00,17,8,Θ20Μ
451,2026-11-17 08:00:00,30000000157,2026-11-19 15:00:00,25,15,Α22Χ
452,2026-11-02 16:00:00,30000000074,2026-11-10 18:00:00,20,9,Ι22Μ
453,2025-10-16 15:00:00,30000000024,2025-10-19 01:00:00,21,9,Ν27Μβ
454,2026-05-12 17:00:00,30000000205,2026-05-16 00:00:00,20,7,Ι22Μ
455,2026-12-21 18:00:00,30000000017,2027-01-03 03:00:00,16,2,Υ25Χ
456,2026-01-17 10:00:00,30000000147,2026-01-28 15:00:00,23,8,Κ38Μ
457,2026-06-12 13:00:00,30000000179,2026-06-19 17:00:00,5,15,Ν30Μβ
458,2026-06-15 09:00:00,30000000063,2026-06-20 18:00:00,20,3,Π50Μ
459,2025-03-02 10:00:00,30000000160,2025-03-09 14:00:00,19,1,Κ11Μ
460,2026-10-15 09:00:00,30000000131,2026-10-16 19:00:00,7,14,Κ19Α
461,2026-02-14 07:00:00,30000000201,2026-02-16 12:00:00,26,6,Ν39Χ
462,2026-12-10 07:00:00,30000000189,2026-12-11 14:00:00,22,1,Γ07Α
463,2026-04-15 16:00:00,30000000183,2026-04-19 02:00:00,5,9,Κ30Χ
464,2025-08-12 11:00:00,30000000170,2025-08-24 15:00:00,12,15,Ο20Χ
465,2025-02-12 10:00:00,30000000212,2025-02-14 19:00:00,10,12,Ξ20Χα
466,2026-07-24 15:00:00,30000000020,2026-07-26 19:00:00,1,2,Δ28Μ
467,2025-05-21 10:00:00,30000000186,2025-05-27 20:00:00,13,13,Ν42Μα
468,2025-01-10 08:00:00,30000000008,2025-01-16 15:00:00,16,15,W13Α
469,2026-06-04 09:00:00,30000000162,2026-06-07 18:00:00,3,1,Ν10Α
470,2025-01-17 10:00:00,30000000159,2025-01-25 13:00:00,12,9,Β02Χ
471,2026-08-11 09:00:00,30000000187,2026-08-17 17:00:00,14,10,Π03Χβ
472,2026-08-15 14:00:00,30000000021,2026-08-27 17:00:00,13,8,Ν28Μ
473,2026-02-07 07:00:00,30000000081,2026-02-09 10:00:00,15,9,Κ36Χ
474,2026-03-19 07:00:00,30000000196,2026-03-29 11:00:00,15,8,Υ04Χα
475,2026-08-17 11:00:00,30000000037,2026-08-29 16:00:00,23,15,Ο10Α
476,2025-07-09 16:00:00,30000000148,2025-07-20 02:00:00,10,1,Γ11Α
477,2026-05-10 13:00:00,30000000095,2026-05-20 17:00:00,16,6,Λ21Α
478,2025-07-23 18:00:00,30000000009,2025-08-01 01:00:00,19,8,Γ04Μ
479,2025-06-19 14:00:00,30000000174,2025-06-29 20:00:00,18,6,Χ44Α
480,2026-01-12 13:00:00,30000000009,2026-01-20 19:00:00,2,15,Η20Χ
481,2026-01-09 09:00:00,30000000078,2026-01-19 19:00:00,17,3,Ο05Α
482,2026-02-15 08:00:00,30000000081,2026-02-23 18:00:00,23,8,Π46Α
483,2026-04-13 17:00:00,30000000148,2026-04-21 22:00:00,26,10,Δ20Α
484,2025-07-01 14:00:00,30000000016,2025-07-06 19:00:00,22,5,Β10Α
485,2025-06-09 13:00:00,30000000178,2025-06-19 18:00:00,5,13,Ω03Α
486,2025-08-03 15:00:00,30000000188,2025-08-06 23:00:00,4,11,Α26Χ
487,2025-07-17 12:00:00,30000000002,2025-07-25 14:00:00,6,12,Κ39Χ
488,2026-05-18 16:00:00,30000000120,2026-05-23 00:00:00,22,1,Α27Μ
489,2026-02-04 09:00:00,30000000178,2026-02-13 16:00:00,10,14,Μ17Χ
490,2025-05-11 11:00:00,30000000170,2025-05-19 21:00:00,26,3,Υ28Α
491,2025-10-19 11:00:00,30000000029,2025-10-21 18:00:00,10,12,Φ26Μ
492,2025-06-04 11:00:00,30000000111,2025-06-06 20:00:00,4,5,Ν34Χ
493,2025-03-13 07:00:00,30000000013,2025-03-24 14:00:00,2,2,Ζ02Χ
494,2026-04-24 11:00:00,30000000043,2026-04-26 14:00:00,9,8,Ν42Μα
495,2026-10-11 10:00:00,30000000072,2026-10-12 13:00:00,15,13,Ν32Χ
496,2025-07-23 14:00:00,30000000166,2025-07-28 00:00:00,14,11,Υ22Χ
497,2025-08-19 11:00:00,30000000061,2025-08-31 18:00:00,10,6,Κ01Χ
498,2025-03-23 09:00:00,30000000130,2025-03-30 17:00:00,14,9,Ξ02Χ
499,2025-02-09 09:00:00,30000000015,2025-02-11 14:00:00,18,12,Μ73Μ
500,2026-10-18 08:00:00,30000000148,2026-10-29 17:00:00,20,13,Μ21Α
501,2025-05-18 16:00:00,30000000205,2025-05-23 23:00:00,12,4,S21Χ
502,2025-07-11 17:00:00,30000000010,2025-07-15 03:00:00,12,3,Μ27Μ
503,2025-11-21 18:00:00,30000000168,2025-11-27 21:00:00,16,6,Δ08Χ
504,2025-03-12 17:00:00,30000000000,2025-03-25 00:00:00,24,13,Ω15Α
505,2025-12-17 15:00:00,30000000095,2025-12-20 01:00:00,20,8,Ε05Α
506,2025-07-07 18:00:00,30000000007,2025-07-16 00:00:00,18,5,Ρ24Μβ
507,2025-12-03 13:00:00,30000000193,2025-12-07 20:00:00,15,1,Μ05Μ
508,2025-08-13 15:00:00,30000000190,2025-08-16 19:00:00,18,3,Κ45Χ
509,2026-06-03 11:00:00,30000000163,2026-06-06 13:00:00,23,7,Χ46Α
510,2026-11-06 07:00:00,30000000066,2026-11-17 12:00:00,20,3,Β06Μ
511,2026-12-21 12:00:00,30000000109,2026-12-27 20:00:00,20,2,Χ45Α
512,2026-02-12 14:00:00,30000000203,2026-02-20 22:00:00,5,12,Ω34Α
513,2025-10-05 13:00:00,30000000155,2025-10-15 21:00:00,26,6,Ν27Μα
514,2025-04-06 14:00:00,30000000098,2025-04-12 17:00:00,23,2,Α29Μ
515,2025-03-03 18:00:00,30000000226,2025-03-14 22:00:00,9,13,Κ06Μ
516,2025-01-16 16:00:00,30000000180,2025-01-29 02:00:00,1,4,Υ28Α
517,2026-06-09 11:00:00,30000000029,2026-06-10 21:00:00,7,9,Κ42Χ
518,2026-09-22 18:00:00,30000000149,2026-10-03 03:00:00,9,10,Ν36Μ
519,2025-07-09 14:00:00,30000000034,2025-07-20 23:00:00,11,11,Μ18Α
520,2025-04-08 08:00:00,30000000084,2025-04-15 13:00:00,5,4,Ω04Μ
521,2025-12-17 15:00:00,30000000142,2025-12-25 17:00:00,16,14,Ω01Α
522,2025-05-16 12:00:00,30000000162,2025-05-20 16:00:00,9,6,Μ75Χ
523,2025-06-22 10:00:00,30000000073,2025-06-28 13:00:00,14,10,Α12Μ
524,2025-07-05 12:00:00,30000000047,2025-07-10 19:00:00,8,3,Τ22Α
525,2026-01-24 17:00:00,30000000106,2026-02-02 23:00:00,17,11,Ν68Χ
526,2025-07-15 15:00:00,30000000011,2025-07-16 17:00:00,8,1,Μ02Χ
527,2025-08-10 16:00:00,30000000210,2025-08-11 21:00:00,22,14,Σ03Χ
528,2026-04-20 18:00:00,30000000092,2026-04-25 22:00:00,17,8,Σ01Χ
529,2025-08-12 10:00:00,30000000158,2025-08-16 16:00:00,17,7,Υ21Α
530,2025-09-05 07:00:00,30000000006,2025-09-07 11:00:00,17,6,Α30Χ
531,2025-02-20 09:00:00,30000000059,2025-03-02 13:00:00,20,8,Μ64Χ
532,2026-07-23 16:00:00,30000000130,2026-07-30 19:00:00,17,4,Ω13Α
533,2025-04-15 12:00:00,30000000058,2025-04-19 18:00:00,3,15,Φ60Μ
534,2025-05-10 15:00:00,30000000186,2025-05-19 20:00:00,22,7,Α01Μ
535,2025-03-18 12:00:00,30000000197,2025-03-24 22:00:00,17,1,Ξ20Χβ
536,2026-01-17 09:00:00,30000000000,2026-01-18 17:00:00,1,10,Ρ10Χ
537,2025-10-22 14:00:00,30000000023,2025-11-01 21:00:00,1,9,Λ05Α
538,2025-02-07 14:00:00,30000000229,2025-02-10 20:00:00,4,11,Γ08Α
539,2025-08-17 07:00:00,30000000078,2025-08-26 10:00:00,1,7,Κ11Χ
540,2025-01-22 13:00:00,30000000163,2025-02-01 22:00:00,22,1,Ο22Α
541,2026-10-03 17:00:00,30000000061,2026-10-13 23:00:00,9,13,Η43Μ
542,2025-01-11 18:00:00,30000000189,2025-01-19 02:00:00,2,5,Κ43Χ
543,2026-12-18 15:00:00,30000000189,2026-12-20 19:00:00,13,15,Δ20Μ
544,2026-02-17 10:00:00,30000000139,2026-02-26 16:00:00,13,14,Κ05Μ
545,2026-10-19 15:00:00,30000000052,2026-10-22 23:00:00,13,13,Η20Μ
546,2025-12-08 08:00:00,30000000087,2025-12-20 11:00:00,4,3,Μ68Χ
547,2026-02-04 18:00:00,30000000019,2026-02-13 23:00:00,8,6,Υ21Α
548,2025-03-15 10:00:00,30000000146,2025-03-22 12:00:00,11,8,Ν07Μ
549,2026-03-13 12:00:00,30000000050,2026-03-21 19:00:00,9,5,Ω02Χ
550,2025-05-04 11:00:00,30000000038,2025-05-12 15:00:00,8,3,Φ63Μ
