DoctorAMK,ProcEventID
10000000107,1
10000000085,2
10000000150,3
10000000059,4
10000000111,5
10000000164,6
10000000091,7
10000000099,8
10000000096,9
10000000121,10
10000000028,11
10000000093,12
10000000131,13
10000000175,14
10000000003,15
10000000151,16
10000000042,17
10000000105,18
10000000033,19
10000000027,20
10000000106,21
10000000071,22
10000000046,23
10000000077,24
10000000158,25
10000000094,26
10000000046,27
10000000139,28
10000000112,29
10000000166,30
10000000078,31
10000000119,32
10000000004,33
10000000173,34
10000000154,35
10000000104,36
10000000030,37
10000000065,38
10000000085,39
10000000007,40
10000000114,41
10000000019,42
10000000027,43
10000000101,44
10000000094,45
10000000102,46
10000000171,47
10000000056,48
10000000001,49
10000000171,50
10000000168,51
10000000005,52
10000000087,53
10000000147,54
10000000066,55
10000000177,56
10000000103,57
10000000040,58
10000000004,59
10000000029,60
10000000072,61
10000000029,62
10000000071,63
10000000105,64
10000000138,65
10000000040,66
10000000088,67
10000000162,68
10000000110,69
10000000116,70
10000000110,71
10000000054,72
10000000004,73
10000000143,74
10000000115,75
10000000077,76
10000000000,77
10000000109,78
10000000085,79
10000000000,80
10000000167,81
10000000024,82
10000000087,83
10000000093,84
10000000056,85
10000000162,86
10000000149,87
10000000157,88
10000000064,89
10000000125,90
10000000101,91
10000000003,92
10000000016,93
10000000035,94
10000000062,95
10000000088,96
10000000072,97
10000000122,98
10000000118,99
10000000091,100
10000000035,101
10000000109,102
10000000107,103
10000000068,104
10000000166,105
10000000158,106
10000000115,107
10000000017,108
10000000124,109
10000000061,110
10000000093,111
10000000034,112
10000000034,113
10000000159,114
10000000150,115
10000000170,116
10000000017,117
10000000134,118
10000000173,119
10000000100,120
10000000148,121
10000000018,122
10000000073,123
10000000112,124
10000000106,125
10000000088,126
10000000012,127
10000000001,128
10000000027,129
10000000045,130
10000000156,131
10000000018,132
10000000116,133
10000000167,134
10000000078,135
10000000151,136
10000000173,137
10000000088,138
10000000040,139
10000000165,140
10000000178,141
10000000089,142
10000000159,143
10000000166,144
10000000037,145
10000000017,146
10000000048,147
10000000107,148
10000000078,149
10000000146,150
10000000170,151
10000000079,152
10000000111,153
10000000174,154
10000000104,155
10000000148,156
10000000056,157
10000000132,158
10000000135,159
10000000154,160
10000000152,161
10000000060,162
10000000013,163
10000000079,164
10000000139,165
10000000045,166
10000000092,167
10000000055,168
10000000100,169
10000000157,170
10000000168,171
10000000049,172
10000000027,173
10000000042,174
10000000103,175
10000000148,176
10000000131,177
10000000050,178
10000000102,179
10000000067,180
