PatientAMKA,Phone
30000000000,6971236763
30000000001,6972350861
30000000002,6922318322
30000000003,6916240797
30000000004,6933081258
30000000005,6907208983
30000000006,6965072988
30000000007,6911006263
30000000008,6916873194
30000000009,6993938030
30000000010,6958943784
30000000011,6928453492
30000000012,6902898723
30000000013,6921031537
30000000014,6900124200
30000000015,6915159909
30000000016,6979395317
30000000017,6978823399
30000000018,6936376244
30000000019,6972622205
30000000020,6912339113
30000000021,6915734190
30000000022,6988592011
30000000023,6941300214
30000000024,6932657484
30000000025,6970856742
30000000026,6928558548
30000000027,6997987811
30000000028,6929473992
30000000029,6978768009
30000000030,6955641080
30000000031,6904176796
30000000032,6940276338
30000000033,6923055050
30000000034,6933196767
30000000035,6992813865
30000000036,6962462506
30000000037,6987117815
30000000038,6984130940
30000000039,6903745109
30000000040,6932683757
30000000041,6933205050
30000000042,6948572860
30000000043,6985969505
30000000044,6955453297
30000000045,6971955455
30000000046,6926698947
30000000047,6923654340
30000000048,6964677296
30000000049,6984784357
30000000050,6997980569
30000000051,6976040874
30000000052,6957117629
30000000053,6909229492
30000000054,6981430824
30000000055,6946047316
30000000056,6977915232
30000000057,6986063591
30000000058,6954714411
30000000059,6938028507
30000000060,6904291934
30000000061,6973395123
30000000062,6972046538
30000000063,6923473109
30000000064,6915482786
30000000065,6902850501
30000000066,6984748676
30000000067,6987860724
30000000068,6977014308
30000000069,6925234129
30000000070,6997946115
30000000071,6924809190
30000000072,6983800866
30000000073,6938316523
30000000074,6911409551
30000000075,6978203998
30000000076,6903772623
30000000077,6968841239
30000000078,6971689651
30000000079,6964894156
30000000080,6922813367
30000000081,6941205615
30000000082,6901277092
30000000083,6943603931
30000000084,6942567155
30000000085,6924885974
30000000086,6902200653
30000000087,6945879178
30000000088,6933951640
30000000089,6973891343
30000000090,6918158972
30000000091,6943089494
30000000092,6967682115
30000000093,6933140222
30000000094,6916974621
30000000095,6966429560
30000000096,6931702205
30000000097,6962282076
30000000098,6975403954
30000000099,6917505436
30000000100,6954395298
30000000101,6932168360
30000000102,6953906553
30000000103,6962823753
30000000104,6921882222
30000000105,6963307972
30000000106,6936395318
30000000107,6987875238
30000000108,6961714333
30000000109,6907781876
30000000110,6913557397
30000000111,6948486842
30000000112,6960906382
30000000113,6939802532
30000000114,6962868470
30000000115,6974960710
30000000116,6943671732
30000000117,6978009824
30000000118,6946619440
30000000119,6924182830
30000000120,6904457695
30000000121,6958267842
30000000122,6936768274
30000000123,6980493885
30000000124,6949404953
30000000125,6989205128
30000000126,6997598648
30000000127,6954169124
30000000128,6976053728
30000000129,6937335596
30000000130,6927948155
30000000131,6946893927
30000000132,6948730971
30000000133,6957768692
30000000134,6955953153
30000000135,6921759503
30000000136,6927981073
30000000137,6992802876
30000000138,6950675611
30000000139,6960690776
30000000140,6909022358
30000000141,6968210532
30000000142,6935863017
30000000143,6906218292
30000000144,6949000501
30000000145,6902956144
30000000146,6915168812
30000000147,6903183379
30000000148,6905792752
30000000149,6976968073
30000000150,6941275028
30000000151,6947161014
30000000152,6915471273
30000000153,6962358484
30000000154,6924238420
30000000155,6977188045
30000000156,6995686518
30000000157,6904850167
30000000158,6911583778
30000000159,6921398515
30000000160,6949957202
30000000161,6962121981
30000000162,6942025577
30000000163,6991148837
30000000164,6901754810
30000000165,6916479890
30000000166,6964355977
30000000167,6986081221
30000000168,6928102633
30000000169,6937347188
30000000170,6929171497
30000000171,6926068129
30000000172,6906663582
30000000173,6964474048
30000000174,6977191078
30000000175,6920924474
30000000176,6930696848
30000000177,6960453624
30000000178,6947565127
30000000179,6964449438
30000000180,6995345108
30000000181,6991876745
30000000182,6915196815
30000000183,6979259325
30000000184,6956506130
30000000185,6928008842
30000000186,6962022084
30000000187,6927848523
30000000188,6948772253
30000000189,6929604390
30000000190,6935417637
30000000191,6915898457
30000000192,6969072284
30000000193,6993502334
30000000194,6924033324
30000000195,6974536954
30000000196,6914253728
30000000197,6994720438
30000000198,6905877175
30000000199,6961108111
30000000200,6906944227
30000000201,6913396295
30000000202,6909926261
30000000203,6948777885
30000000204,6916508021
30000000205,6930323788
30000000206,6990133833
30000000207,6964859286
30000000208,6948628307
30000000209,6975125231
30000000210,6989866643
30000000211,6904655874
30000000212,6916104325
30000000213,6945444765
30000000214,6933929851
30000000215,6921112149
30000000216,6952586094
30000000217,6918707917
30000000218,6957234912
30000000219,6908540073
30000000220,6901531019
30000000221,6941058446
30000000222,6981985752
30000000223,6917429090
30000000224,6906074578
30000000225,6904249039
30000000226,6934160714
30000000227,6948973282
30000000228,6982994116
30000000229,6912578734
30000000230,6995891228
30000000231,6932489448
30000000232,6961325070
30000000233,6997245523
30000000234,6928315565
30000000235,6927421121
30000000236,6954410369
30000000237,6973913315
30000000238,6936292534
30000000239,6904036780
30000000240,6977451820
30000000241,6945287468
30000000242,6971997585
30000000243,6972961759
30000000244,6946998320
30000000245,6939661600
30000000246,6906822320
30000000247,6953652175
30000000248,6970274520
30000000249,6991808666
30000000250,6999999952
30000000251,6965418141
30000000252,6963622913
30000000253,6967038751
30000000254,6946915934
30000000255,6911913092
30000000256,6902239242
30000000257,6946939388
30000000258,6943253146
30000000259,6938981420
30000000260,6910065845
30000000261,6961828893
30000000262,6951165114
30000000263,6985428146
30000000264,6906349771
30000000265,6920754523
30000000266,6926554167
30000000267,6910435048
30000000268,6913287055
30000000269,6976367083
30000000270,6964951783
30000000271,6939794381
30000000272,6945878857
30000000273,6905907332
30000000274,6965358922
30000000275,6992075564
30000000276,6961574299
30000000277,6980235700
30000000278,6927007726
30000000279,6989025844
30000000280,6927363576
30000000281,6973941497
30000000282,6981891280
30000000283,6958803983
30000000284,6997960395
30000000285,6926769636
30000000286,6969658217
30000000287,6941441189
30000000288,6986996088
30000000289,6953426881
30000000290,6922248282
30000000291,6901674484
30000000292,6924428209
30000000293,6939071577
30000000294,6905217274
30000000295,6949058518
30000000296,6932795858
30000000297,6941707560
30000000298,6927971521
30000000299,6948387169
30000000300,6918415243
30000000301,6972491385
30000000302,6978296979
30000000303,6988185671
30000000304,6945560996
30000000305,6927515615
30000000306,6939810890
30000000307,6914360186
30000000308,6908011958
30000000309,6929495265
30000000310,6926933437
30000000311,6952355549
30000000312,6933794469
30000000313,6988050406
30000000314,6976990072
30000000315,6943842529
30000000316,6903762336
30000000317,6961999480
30000000318,6969894452
30000000319,6931737754
30000000320,6996350804
30000000321,6938455779
30000000322,6930707903
30000000323,6913880670
30000000324,6943142538
30000000325,6903289902
30000000326,6936837787
30000000327,6907663375
30000000328,6926093574
30000000329,6931898672
30000000330,6948573302
30000000331,6910651974
30000000332,6905483476
30000000333,6972068860
30000000334,6995017633
30000000335,6967500893
30000000336,6971722839
30000000337,6955419605
30000000338,6945841162
30000000339,6934192991
30000000340,6955737999
30000000341,6901716410
30000000342,6958380334
30000000343,6933552134
30000000344,6920349080
30000000345,6921851786
30000000346,6984885399
30000000347,6912626740
30000000348,6957840436
30000000349,6942769663
30000000350,6996243617
30000000351,6979275450
30000000352,6953043311
30000000353,6923079464
30000000354,6992448497
30000000355,6998344485
30000000356,6903543500
30000000357,6988357213
30000000358,6904828707
30000000359,6922108129
30000000360,6905968791
30000000361,6901070544
30000000362,6976233960
30000000363,6929241999
30000000364,6993365563
30000000365,6941586981
30000000366,6907873875
30000000367,6930542317
30000000368,6943709118
30000000369,6960304797
30000000370,6927455828
30000000371,6910455992
30000000372,6927481087
30000000373,6924589562
30000000374,6976663180
30000000375,6944002942
30000000376,6942825343
30000000377,6907752609
30000000378,6927774943
30000000379,6926922190
30000000380,6935296353
30000000381,6907657473
30000000382,6933568664
30000000383,6938332956
30000000384,6947931556
30000000385,6968930406
30000000386,6903248673
30000000387,6993359949
30000000388,6982076001
30000000389,6991729013
30000000390,6948387388
30000000391,6960554569
30000000392,6911334236
30000000393,6918400199
30000000394,6904607298
30000000395,6984155181
30000000396,6988830978
30000000397,6997277162
30000000398,6945123764
30000000399,6959015252
30000000400,6981824243
30000000401,6900853204
30000000402,6904070723
30000000403,6920795426
30000000404,6934556225
30000000405,6979732767
30000000406,6946305618
30000000407,6972543081
30000000408,6939096769
30000000409,6943902270
30000000410,6968410131
30000000411,6916603392
30000000412,6903008284
30000000413,6974155295
30000000414,6975657567
30000000415,6905518119
30000000416,6902102949
30000000417,6981619798
30000000418,6908321371
30000000419,6987594358
30000000420,6978837035
30000000421,6972395003
30000000422,6987121377
30000000423,6972348136
30000000424,6921526835
30000000425,6965979241
30000000426,6901464490
30000000427,6974759589
30000000428,6979752117
30000000429,6903013204
30000000430,6970082288
30000000431,6983553566
30000000432,6940041003
30000000433,6917045696
30000000434,6917543207
30000000435,6970291090
30000000436,6997983080
30000000437,6909193589
30000000438,6912388216
30000000439,6981046306
30000000440,6960480930
30000000441,6945912358
30000000442,6928291545
30000000443,6969215167
30000000444,6933210172
30000000445,6960251852
30000000446,6957847751
30000000447,6990574665
30000000448,6939244859
30000000449,6938471274
30000000450,6914329158
30000000451,6916914620
30000000452,6951748264
30000000453,6973834809
30000000454,6928342363
30000000455,6970024830
30000000456,6901701897
30000000457,6982549136
30000000458,6962675219
30000000459,6905263668
30000000460,6970502597
30000000461,6982770127
30000000462,6957807320
30000000463,6965970727
30000000464,6956940946
30000000465,6941148105
30000000466,6929591985
30000000467,6981993772
30000000468,6958743929
30000000469,6913287323
30000000470,6998133182
30000000471,6919644362
30000000472,6932978086
30000000473,6940471384
30000000474,6986833132
30000000475,6933452096
30000000476,6931383140
30000000477,6975341692
30000000478,6914172465
30000000479,6944386542
30000000480,6927786940
30000000481,6986706671
30000000482,6945598029
30000000483,6917905004
30000000484,6904031604
30000000485,6924172486
30000000486,6940023224
30000000487,6964631370
30000000488,6943503662
30000000489,6903861738
30000000490,6947533366
30000000491,6929823658
30000000492,6960770323
30000000493,6989192784
30000000494,6910238207
30000000495,6908390282
30000000496,6910067834
30000000497,6931036074
30000000498,6984891312
30000000499,6967270870
30000000500,6962515280
30000000501,6941567260
30000000502,6946197525
30000000503,6907015557
30000000504,6965599361
30000000505,6921223499
30000000506,6911797510
30000000507,6911894093
30000000508,6915707786
30000000509,6914928535
30000000510,6973616810
30000000511,6923309455
30000000512,6975150875
30000000513,6906245730
30000000514,6960712070
30000000515,6996113832
30000000516,6948795845
30000000517,6918776923
30000000518,6914805968
30000000519,6960557595
30000000520,6966747754
30000000521,6995793077
30000000522,6929955147
30000000523,6900708559
30000000524,6973314938
30000000525,6990679881
30000000526,6946770305
30000000527,6986640683
30000000528,6980272382
30000000529,6966308135
30000000530,6911720034
30000000531,6922921025
30000000532,6991659420
30000000533,6908318855
30000000534,6987055389
30000000535,6900407365
30000000536,6967451585
30000000537,6927811448
30000000538,6938645978
30000000539,6967468386
30000000540,6900966362
30000000541,6908599537
30000000542,6956647945
30000000543,6997804983
30000000544,6931568579
30000000545,6925939312
30000000546,6926408962
30000000547,6970349102
30000000548,6992643719
30000000549,6996034509
30000000550,6955314841
30000000551,6986899186
30000000552,6931908445
30000000553,6992549633
30000000554,6917488201
30000000555,6988841700
30000000556,6928340585
30000000557,6925000810
30000000558,6966317416
30000000559,6966600345
30000000560,6993904583
30000000561,6904245926
30000000562,6916862441
30000000563,6935227011
30000000564,6928550923
30000000565,6903489402
30000000566,6944407024
30000000567,6929877949
30000000568,6970261118
30000000569,6971134649
30000000570,6994699281
30000000571,6920841088
30000000572,6923118246
30000000573,6913569545
30000000574,6916251220
30000000575,6963431626
30000000576,6928932824
30000000577,6992514249
30000000578,6990880547
30000000579,6938397715
30000000580,6994559444
30000000581,6964748107
30000000582,6982514154
30000000583,6951200293
30000000584,6910516777
30000000585,6950040365
30000000586,6965630511
30000000587,6985573970
30000000588,6938038406
30000000589,6924281235
30000000590,6993683978
30000000591,6927459230
30000000592,6970654485
30000000593,6970131629
30000000594,6920438565
30000000595,6930425308
30000000596,6949795378
30000000597,6980607649
30000000598,6923732123
30000000599,6971491448
30000000600,6940632191
30000000601,6915075094
30000000602,6943309855
30000000603,6926078035
30000000604,6928530590
30000000605,6932538193
30000000606,6946708580
30000000607,6937603036
30000000608,6933116563
30000000609,6995074524
30000000610,6923436321
30000000611,6961087158
30000000612,6933919437
30000000613,6957571104
30000000614,6914649459
30000000615,6986632576
30000000616,6927007985
30000000617,6989047381
30000000618,6969952604
30000000619,6904827394
30000000620,6903956534
30000000621,6908027514
30000000622,6923085073
30000000623,6967244495
30000000624,6951696961
30000000625,6980010265
30000000626,6991825349
30000000627,6937879652
30000000628,6975506630
30000000629,6980926158
30000000630,6951191699
30000000631,6953493018
30000000632,6931436398
30000000633,6976379306
30000000634,6943930491
30000000635,6935877000
30000000636,6998218149
30000000637,6953449734
30000000638,6991305343
30000000639,6989444191
30000000640,6997871257
30000000641,6915023254
30000000642,6966607040
30000000643,6922120131
30000000644,6982662063
30000000645,6952647870
30000000646,6989767228
30000000647,6904726526
30000000648,6903194002
30000000649,6951080434
30000000650,6932233034
30000000651,6904092204
30000000652,6928176521
30000000653,6926612041
30000000654,6911793083
30000000655,6938883291
30000000656,6945948698
30000000657,6974877213
30000000658,6984621085
30000000659,6957957206
30000000660,6908614275
30000000661,6942936734
30000000662,6936169386
30000000663,6968093895
30000000664,6929682068
30000000665,6914515842
30000000666,6925797804
30000000667,6938858722
30000000668,6927879128
30000000669,6931229624
30000000670,6915102898
30000000671,6945430428
30000000672,6929666147
30000000673,6914728472
30000000674,6952245529
30000000675,6926222920
30000000676,6958826967
30000000677,6990995003
30000000678,6979063448
30000000679,6997498490
30000000680,6990391728
30000000681,6969350705
30000000682,6901383287
30000000683,6950465524
30000000684,6918077018
30000000685,6934373739
30000000686,6949850600
30000000687,6952813553
30000000688,6949738768
30000000689,6963217502
30000000690,6934540060
30000000691,6918607994
30000000692,6928876685
30000000693,6953250127
30000000694,6973740268
30000000695,6949320065
30000000696,6903093307
30000000697,6996729026
30000000698,6919968300
30000000699,6901875295
30000000700,6981538660
30000000701,6956142224
30000000702,6917720036
30000000703,6913848128
30000000704,6988054884
30000000705,6926750310
30000000706,6998613822
30000000707,6919045870
30000000708,6970475370
30000000709,6908103885
30000000710,6996281695
30000000711,6948809476
30000000712,6902725419
30000000713,6958471357
30000000714,6902167366
30000000715,6921781326
30000000716,6991439537
30000000717,6907187316
30000000718,6993746469
30000000719,6999376486
30000000720,6981159111
30000000721,6931475028
30000000722,6978127616
30000000723,6964298512
30000000724,6936383583
30000000725,6962231640
30000000726,6951077144
30000000727,6957039440
30000000728,6993420029
30000000729,6930393612
30000000730,6956386662
30000000731,6900099602
30000000732,6910604042
30000000733,6970330436
30000000734,6967897120
30000000735,6984958943
30000000736,6966823187
30000000737,6955438298
30000000738,6919062889
30000000739,6994506467
30000000740,6923391757
30000000741,6979024032
30000000742,6923836035
30000000743,6988326107
30000000744,6993974653
30000000745,6909193432
30000000746,6940365920
30000000747,6959919317
30000000748,6985601735
30000000749,6994135101
30000000750,6921546621
30000000751,6939051196
30000000752,6948026504
30000000753,6902394104
30000000754,6975860411
30000000755,6942677230
30000000756,6927666296
30000000757,6983854561
30000000758,6903806785
30000000759,6981932508
30000000760,6995683647
30000000761,6977127709
30000000762,6943529080
30000000763,6966187515
30000000764,6916500593
30000000765,6979355308
30000000766,6980481086
30000000767,6996289410
30000000768,6915151615
30000000769,6956477217
30000000770,6930501539
30000000771,6988990498
30000000772,6938254433
30000000773,6926781709
30000000774,6935293131
30000000775,6953662755
30000000776,6948875364
30000000777,6933828469
30000000778,6982130119
30000000779,6915216127
30000000780,6924769354
30000000781,6914243648
30000000782,6989551295
30000000783,6990398147
30000000784,6963962048
30000000785,6995044809
30000000786,6979170975
30000000787,6904037442
30000000788,6915667345
30000000789,6968359142
30000000790,6957168090
30000000791,6988289765
30000000792,6914004889
30000000793,6981156757
30000000794,6945704712
30000000795,6953220307
30000000796,6914331043
30000000797,6980569222
30000000798,6970341184
30000000799,6900413494
30000000800,6966756450
30000000801,6917893322
30000000802,6918240971
30000000803,6968922634
30000000804,6999372547
30000000805,6977370983
30000000806,6988202041
30000000807,6923287720
30000000808,6935151222
30000000809,6928655169
30000000810,6920212883
30000000811,6927618129
30000000812,6960848789
30000000813,6943248625
30000000814,6967671040
30000000815,6998563870
30000000816,6911001742
30000000817,6936430704
30000000818,6991873947
30000000819,6900759710
30000000820,6992397045
30000000821,6980465917
30000000822,6984511032
30000000823,6972220886
30000000824,6996343353
30000000825,6915234205
30000000826,6968003396
30000000827,6956409949
30000000828,6956139344
30000000829,6964102780
30000000830,6932227752
30000000831,6908712137
30000000832,6950838099
30000000833,6934875180
30000000834,6985431471
30000000835,6906571958
30000000836,6938248758
30000000837,6967742135
30000000838,6971650846
30000000839,6995991270
30000000840,6938115808
30000000841,6913262175
30000000842,6961263508
30000000843,6933091439
30000000844,6977792880
30000000845,6980751886
30000000846,6900985153
30000000847,6996868764
30000000848,6971338219
30000000849,6922354112
30000000850,6961821727
30000000851,6910783296
30000000852,6979137694
30000000853,6998380440
30000000854,6962236557
30000000855,6964233683
30000000856,6907459760
30000000857,6974906382
30000000858,6941228274
30000000859,6966210545
30000000860,6944319542
30000000861,6960588880
30000000862,6904178015
30000000863,6955044908
30000000864,6940164516
30000000865,6930478246
30000000866,6921845497
30000000867,6992812947
30000000868,6932986080
30000000869,6904311424
30000000870,6935309072
30000000871,6932072559
30000000872,6939700621
30000000873,6931839629
30000000874,6901527048
30000000875,6964475106
30000000876,6989612834
30000000877,6975891661
30000000878,6920170654
30000000879,6992831619
30000000880,6926429853
30000000881,6980991719
30000000882,6920879877
30000000883,6973739949
30000000884,6944917243
30000000885,6927582875
30000000886,6937773661
30000000887,6918128243
30000000888,6963135850
30000000889,6967945210
30000000890,6982514393
30000000891,6961126931
30000000892,6942925672
30000000893,6917635489
30000000894,6922179001
30000000895,6944537508
30000000896,6934105384
30000000897,6952944546
30000000898,6924379620
30000000899,6915693260
