ProcEventID,ProcRoomID,DateTime,MainDocAMK,ProcedureCode,HospitalizationID
1,2,2026-12-06 10:00:00,10000000103,X650371,246
2,2,2026-09-10 14:00:00,10000000086,X642139,426
3,9,2026-04-23 13:00:00,10000000148,A401537,157
4,5,2026-10-13 03:00:00,10000000054,X684669,233
5,6,2026-06-23 08:00:00,10000000114,X628091,409
6,9,2026-06-18 13:00:00,10000000161,A400229,125
7,7,2026-12-08 04:00:00,10000000087,X704493,78
8,4,2026-04-03 04:00:00,10000000134,X717561,186
9,8,2026-06-10 15:00:00,10000000106,X668199,517
10,4,2026-04-22 09:00:00,10000000130,X713925,240
11,3,2026-10-23 02:00:00,10000000032,X639567,77
12,6,2026-03-24 06:00:00,10000000095,X638039,474
13,10,2026-03-15 15:00:00,10000000123,A402345,122
14,7,2026-05-15 00:00:00,10000000172,X677053,271
15,8,2026-04-18 19:00:00,10000000000,X706571,391
16,7,2026-10-07 13:00:00,10000000038,X697957,541
17,6,2026-12-25 22:00:00,10000000038,X664557,244
18,2,2026-09-13 15:00:00,10000000096,X635167,347
19,8,2026-06-20 09:00:00,10000000024,X622679,62
20,8,2026-08-21 04:00:00,10000000033,X651079,378
21,5,2026-08-08 00:00:00,10000000096,X664399,66
22,1,2026-10-08 01:00:00,10000000067,X603167,235
23,2,2026-05-07 20:00:00,10000000043,X632703,151
24,3,2026-10-10 12:00:00,10000000161,X697055,72
25,10,2026-02-24 23:00:00,10000000162,A400605,544
26,6,2026-12-11 10:00:00,10000000086,X646409,318
27,6,2026-07-29 13:00:00,10000000036,X713619,532
28,7,2026-07-13 13:00:00,10000000134,X710309,398
29,5,2026-01-18 04:00:00,10000000114,X627819,536
30,10,2026-09-03 07:00:00,10000000162,A403077,207
31,4,2026-08-09 17:00:00,10000000080,X639679,423
32,9,2026-06-18 01:00:00,10000000155,A400185,113
33,7,2026-10-11 16:00:00,10000000006,X635979,400
34,5,2026-04-19 16:00:00,10000000179,X602811,306
35,7,2026-02-12 08:00:00,10000000151,X661481,121
36,4,2026-06-04 23:00:00,10000000105,X647521,213
37,6,2026-06-17 13:00:00,10000000024,X711473,360
38,8,2026-05-13 07:00:00,10000000064,X665899,247
39,6,2026-01-15 18:00:00,10000000084,X639733,205
40,4,2026-02-24 06:00:00,10000000080,X709957,53
41,3,2026-04-22 02:00:00,10000000113,X677055,309
42,1,2026-05-15 02:00:00,10000000022,X640199,88
43,1,2026-07-07 12:00:00,10000000025,X684439,210
44,7,2026-10-19 20:00:00,10000000105,X628269,303
45,2,2026-12-09 09:00:00,10000000084,X632663,408
46,2,2026-03-18 23:00:00,10000000104,X711479,425
47,1,2026-11-19 07:00:00,10000000175,X694809,451
48,12,2026-05-05 20:00:00,10000000050,A401395,61
49,1,2026-12-13 07:00:00,10000000000,X651021,390
50,9,2026-01-14 19:00:00,10000000169,A403221,257
51,6,2026-07-18 06:00:00,10000000177,X664171,138
52,12,2026-04-06 09:00:00,10000000001,A403481,446
53,3,2026-03-15 15:00:00,10000000084,X611833,402
54,3,2026-03-13 15:00:00,10000000146,X610681,134
55,5,2026-02-12 06:00:00,10000000070,X603999,547
56,11,2026-12-19 17:00:00,10000000176,A401561,543
57,1,2026-02-09 01:00:00,10000000102,X603921,473
58,2,2026-09-27 03:00:00,10000000043,X603899,252
59,3,2026-04-13 23:00:00,10000000010,X719599,87
60,5,2026-09-10 03:00:00,10000000025,X629291,263
61,8,2026-06-05 02:00:00,10000000076,X711471,509
62,7,2026-02-05 01:00:00,10000000026,X684459,327
63,5,2026-12-09 00:00:00,10000000070,X610271,75
64,2,2026-03-09 03:00:00,10000000026,X603985,55
65,6,2026-02-20 15:00:00,10000000136,X625657,512
66,3,2026-11-12 16:00:00,10000000039,X676259,380
67,4,2026-03-07 00:00:00,10000000091,X634029,264
68,7,2026-10-27 09:00:00,10000000160,X634615,361
69,4,2026-10-13 03:00:00,10000000115,X714379,335
70,3,2026-04-11 05:00:00,10000000112,X706565,212
71,2,2026-01-21 07:00:00,10000000112,X643757,150
72,5,2026-07-16 04:00:00,10000000104,X614581,114
73,5,2026-07-12 23:00:00,10000000005,X628759,206
74,6,2026-07-09 10:00:00,10000000140,X694789,70
75,5,2026-03-26 08:00:00,10000000112,X630811,404
76,3,2026-07-10 16:00:00,10000000075,X631777,431
77,2,2026-04-21 12:00:00,10000000001,X709081,59
78,3,2026-11-20 09:00:00,10000000110,X633041,418
79,4,2026-02-17 15:00:00,10000000086,X680089,482
80,2,2026-05-20 14:00:00,10000000134,X646971,488
81,4,2026-09-08 13:00:00,10000000161,X622057,76
82,6,2026-06-16 07:00:00,10000000032,X611833,458
83,7,2026-01-26 09:00:00,10000000093,X719233,282
84,9,2026-01-17 01:00:00,10000000088,A401309,314
85,3,2026-04-19 16:00:00,10000000058,X624407,142
86,2,2026-12-21 12:00:00,10000000167,X719869,153
87,8,2026-09-11 11:00:00,10000000152,X634977,307
88,5,2026-12-15 09:00:00,10000000095,X670727,261
89,10,2026-03-06 12:00:00,10000000066,A402147,269
90,2,2026-08-14 18:00:00,10000000126,X714175,152
91,6,2026-09-25 07:00:00,10000000103,X645039,177
92,11,2026-05-10 03:00:00,10000000011,A400149,237
93,7,2026-06-17 01:00:00,10000000012,X699583,89
94,4,2026-08-23 20:00:00,10000000030,X659049,68
95,8,2026-08-25 19:00:00,10000000060,X631249,249
96,5,2026-11-23 23:00:00,10000000005,X661591,389
97,5,2026-12-11 21:00:00,10000000080,X697075,243
98,10,2026-12-05 01:00:00,10000000126,A403021,283
99,4,2026-11-24 01:00:00,10000000117,X704245,165
100,12,2026-06-24 14:00:00,10000000086,A401697,442
101,3,2026-10-07 15:00:00,10000000027,X636179,69
102,5,2026-02-23 15:00:00,10000000115,X662269,393
103,4,2026-11-05 04:00:00,10000000098,X666431,452
104,2,2026-02-15 10:00:00,10000000050,X665739,461
105,8,2026-12-09 09:00:00,10000000163,X680359,353
106,4,2026-02-08 00:00:00,10000000160,X640159,489
107,12,2026-08-14 16:00:00,10000000119,A402761,471
108,8,2026-07-13 22:00:00,10000000015,X654373,139
109,3,2026-10-17 18:00:00,10000000127,X697959,344
110,12,2026-12-26 20:00:00,10000000066,A403707,189
111,2,2026-01-27 07:00:00,10000000090,X611479,456
112,3,2026-08-14 01:00:00,10000000008,X665359,300
113,10,2026-05-08 03:00:00,10000000028,A401261,64
114,11,2026-10-07 20:00:00,10000000163,A401381,339
115,3,2026-10-12 06:00:00,10000000155,X631309,495
116,1,2026-10-09 05:00:00,10000000179,X688159,279
117,1,2026-04-15 02:00:00,10000000016,X678599,381
118,3,2026-03-24 23:00:00,10000000133,X678811,162
119,6,2026-01-14 14:00:00,10000000168,X666585,480
120,4,2026-05-15 18:00:00,10000000026,X714031,100
121,11,2026-10-21 17:00:00,10000000153,A402749,375
122,7,2026-10-03 21:00:00,10000000017,X602047,173
123,7,2026-06-08 00:00:00,10000000078,X626171,60
124,12,2026-03-13 10:00:00,10000000119,A401493,98
125,2,2026-12-07 01:00:00,10000000103,X636575,387
126,9,2026-08-18 21:00:00,10000000091,A401401,472
127,3,2026-03-12 15:00:00,10000000016,X630455,140
128,11,2026-12-10 20:00:00,10000000113,A401381,462
129,5,2026-10-23 20:00:00,10000000026,X669999,74
130,11,2026-03-06 14:00:00,10000000036,A402781,254
131,4,2026-05-16 12:00:00,10000000167,X610263,146
132,7,2026-03-27 22:00:00,10000000016,X697079,270
133,9,2026-07-02 03:00:00,10000000111,A400857,420
134,7,2026-10-15 18:00:00,10000000157,X631009,460
135,7,2026-09-12 20:00:00,10000000079,X690041,422
136,2,2026-10-22 16:00:00,10000000041,X628231,500
137,7,2026-08-25 10:00:00,10000000178,X634399,475
138,9,2026-04-21 04:00:00,10000000092,A400501,528
139,10,2026-12-08 05:00:00,10000000046,A401481,342
140,3,2026-06-07 13:00:00,10000000160,X668739,57
141,5,2026-06-16 08:00:00,10000000173,X681199,457
142,6,2026-08-07 21:00:00,10000000084,X635459,265
143,5,2026-07-17 19:00:00,10000000156,X684387,256
144,9,2026-11-18 00:00:00,10000000068,A401461,222
145,7,2026-11-18 01:00:00,10000000046,X656375,349
146,10,2026-12-23 17:00:00,10000000015,A400861,511
147,1,2026-06-15 02:00:00,10000000053,X675067,101
148,7,2026-08-13 11:00:00,10000000096,X695021,304
149,4,2026-02-11 02:00:00,10000000080,X704543,97
150,3,2026-03-08 10:00:00,10000000147,X638519,58
151,5,2026-05-14 17:00:00,10000000168,X610273,338
152,8,2026-05-13 21:00:00,10000000107,X614523,454
153,6,2026-04-21 16:00:00,10000000116,X709463,483
154,4,2026-12-27 06:00:00,10000000168,X624613,199
155,3,2026-07-08 17:00:00,10000000100,X646963,197
156,6,2026-03-25 21:00:00,10000000151,X647849,396
157,10,2026-06-19 05:00:00,10000000053,A400849,156
158,7,2026-06-20 06:00:00,10000000138,X639733,163
159,5,2026-03-11 17:00:00,10000000132,X643127,110
160,11,2026-06-07 06:00:00,10000000044,A401301,308
161,1,2026-02-19 12:00:00,10000000153,X683973,143
162,3,2026-12-08 08:00:00,10000000066,X646059,394
163,8,2026-08-15 20:00:00,10000000015,X719161,444
164,7,2026-11-10 06:00:00,10000000078,X632939,276
165,6,2026-11-05 10:00:00,10000000138,X634745,188
166,8,2026-08-21 10:00:00,10000000036,X638769,71
167,11,2026-04-25 20:00:00,10000000094,A400883,494
168,3,2026-03-21 03:00:00,10000000101,X691757,549
169,12,2026-05-07 14:00:00,10000000104,A401261,405
170,4,2026-02-24 11:00:00,10000000161,X666951,50
171,5,2026-05-15 15:00:00,10000000171,X703049,124
172,3,2026-08-06 17:00:00,10000000050,X646021,363
173,6,2026-01-13 21:00:00,10000000028,X661013,481
174,7,2026-04-12 04:00:00,10000000043,X696179,51
175,9,2026-03-27 11:00:00,10000000099,A401503,145
176,4,2026-10-22 22:00:00,10000000122,X611631,332
177,7,2026-09-16 06:00:00,10000000129,X653101,341
178,3,2026-06-02 14:00:00,10000000059,X703969,221
179,4,2026-04-18 06:00:00,10000000100,X650681,463
180,4,2026-04-26 03:00:00,10000000065,X665621,333
