StaffAMK,Phone
10000000000,6910523152
10000000001,6987676027
10000000002,6938420827
10000000003,6957041969
10000000004,6998745618
10000000005,6966136379
10000000006,6945620346
10000000007,6968765779
10000000008,6905584819
10000000009,6921526157
10000000010,6983167457
10000000011,6930596884
10000000012,6905955588
10000000013,6978085160
10000000014,6936618769
10000000015,6978902756
10000000016,6976328821
10000000017,6933837640
10000000018,6917531080
10000000019,6914404743
10000000020,6911962490
10000000021,6952100159
10000000022,6983135618
10000000023,6967734166
10000000024,6919366658
10000000025,6936143056
10000000026,6927712525
10000000027,6954206977
10000000028,6969768278
10000000029,6938180345
10000000030,6921997599
10000000031,6928188046
10000000032,6981481295
10000000033,6973645128
10000000034,6956806467
10000000035,6946056521
10000000036,6956987285
10000000037,6934086642
10000000038,6962977003
10000000039,6966185993
10000000040,6990239259
10000000041,6985836760
10000000042,6962093099
10000000043,6925352013
10000000044,6927045355
10000000045,6903205434
10000000046,6985724568
10000000047,6938985983
10000000048,6904862485
10000000049,6929385217
10000000050,6982656336
10000000051,6984915305
10000000052,6904537588
10000000053,6980976564
10000000054,6986340191
10000000055,6934595626
10000000056,6970925956
10000000057,6967729739
10000000058,6980580202
10000000059,6976395512
10000000060,6942216411
10000000061,6916408548
10000000062,6966283991
10000000063,6945250360
10000000064,6981606001
10000000065,6930471535
10000000066,6947663787
10000000067,6991133271
10000000068,6920692973
10000000069,6912272796
10000000070,6981013710
10000000071,6937319921
10000000072,6957472124
10000000073,6921946048
10000000074,6953364545
10000000075,6923310692
10000000076,6995867294
10000000077,6981098524
10000000078,6926037289
10000000079,6979190564
10000000080,6951473413
10000000081,6941769303
10000000082,6937283745
10000000083,6953358133
10000000084,6950936910
10000000085,6939172983
10000000086,6960354343
10000000087,6917681437
10000000088,6977098890
10000000089,6949976767
10000000090,6906247215
10000000091,6902668646
10000000092,6994552368
10000000093,6907095731
10000000094,6937631714
10000000095,6991684295
10000000096,6934404326
10000000097,6994299868
10000000098,6981452717
10000000099,6903885425
10000000100,6960200688
10000000101,6961840466
10000000102,6991556240
10000000103,6904267015
10000000104,6988091628
10000000105,6999585271
10000000106,6934173196
10000000107,6988281918
10000000108,6923852002
10000000109,6931167163
10000000110,6917686955
10000000111,6993166752
10000000112,6961675402
10000000113,6935167944
10000000114,6980886812
10000000115,6999902979
10000000116,6998114580
10000000117,6943638675
10000000118,6975267866
10000000119,6988088634
10000000120,6915953352
10000000121,6988769237
10000000122,6907240949
10000000123,6917328960
10000000124,6930702222
10000000125,6992263700
10000000126,6967432705
10000000127,6989864792
10000000128,6982656959
10000000129,6994925486
10000000130,6984789113
10000000131,6964847596
10000000132,6940198600
10000000133,6934024964
10000000134,6986219734
10000000135,6996665201
10000000136,6938459815
10000000137,6972439603
10000000138,6917877843
10000000139,6908549402
10000000140,6942023329
10000000141,6916831296
10000000142,6948011547
10000000143,6917168565
10000000144,6937002487
10000000145,6934162796
10000000146,6996276517
10000000147,6944261508
10000000148,6915010314
10000000149,6912609102
10000000150,6911609933
10000000151,6912581476
10000000152,6997724880
10000000153,6946195411
10000000154,6970468060
10000000155,6968136955
10000000156,6999996790
10000000157,6923663278
10000000158,6931487285
10000000159,6953592674
10000000160,6986632306
10000000161,6987490787
10000000162,6999466222
10000000163,6993009366
10000000164,6954055534
10000000165,6992309024
10000000166,6908911930
10000000167,6919055388
10000000168,6967464189
10000000169,6938122295
10000000170,6963109439
10000000171,6986055004
10000000172,6988644613
10000000173,6966626521
10000000174,6949681772
10000000175,6982634976
10000000176,6973240007
10000000177,6999257037
10000000178,6932072653
10000000179,6910238011
10000000180,6954224830
10000000181,6980984776
10000000182,6975528044
10000000183,6998609006
10000000184,6927810608
10000000185,6903880312
10000000186,6977027319
10000000187,6900917254
10000000188,6935145136
10000000189,6934423257
10000000190,6905617043
10000000191,6909979027
10000000192,6991635821
10000000193,6991942166
10000000194,6945315762
10000000195,6954998552
10000000196,6929776569
10000000197,6906581866
10000000198,6911452849
10000000199,6949087613
10000000200,6977731623
10000000201,6988516251
10000000202,6911485268
10000000203,6997326566
10000000204,6967270853
10000000205,6959352849
10000000206,6990534469
10000000207,6907856293
10000000208,6976774393
10000000209,6909737985
10000000210,6956835907
10000000211,6983055299
10000000212,6943304238
10000000213,6925854209
10000000214,6965782148
10000000215,6967283131
10000000216,6932672552
10000000217,6956092038
10000000218,6981269500
10000000219,6965302541
10000000220,6963599114
10000000221,6933904085
10000000222,6900853398
10000000223,6907277626
10000000224,6906517264
10000000225,6938584861
10000000226,6931602615
10000000227,6925428314
10000000228,6932521133
10000000229,6923016256
10000000230,6981680141
10000000231,6916381017
10000000232,6901513153
10000000233,6937340092
10000000234,6998485139
10000000235,6996336716
10000000236,6903730702
10000000237,6918704220
10000000238,6936734702
10000000239,6945872080
10000000240,6900137608
10000000241,6905906500
10000000242,6971400795
10000000243,6957583662
10000000244,6978295234
10000000245,6919516398
10000000246,6988109188
10000000247,6991111768
10000000248,6997548166
10000000249,6936306834
10000000250,6927916748
10000000251,6951614790
10000000252,6919747000
10000000253,6993517904
10000000254,6900960165
10000000255,6927452557
10000000256,6946338410
10000000257,6969311108
10000000258,6965003732
10000000259,6931855288
10000000260,6986501397
10000000261,6907219256
10000000262,6974051567
10000000263,6929616892
10000000264,6943153648
10000000265,6922246500
10000000266,6909430362
10000000267,6951049874
10000000268,6956392897
10000000269,6960298292
10000000270,6946811627
10000000271,6964652545
10000000272,6962949679
10000000273,6948000029
10000000274,6915508184
10000000275,6929017954
10000000276,6911852011
10000000277,6964884659
10000000278,6940163259
10000000279,6947707247
10000000280,6927711028
10000000281,6926994282
10000000282,6945376041
10000000283,6903023444
10000000284,6947648123
10000000285,6967808808
10000000286,6928699691
10000000287,6931182626
10000000288,6910133254
10000000289,6906983403
10000000290,6903750635
10000000291,6975733841
10000000292,6958462300
10000000293,6997902482
10000000294,6903133360
10000000295,6985033330
10000000296,6916604506
10000000297,6929534676
10000000298,6963038316
10000000299,6990999173
10000000300,6944726885
10000000301,6965577459
10000000302,6975025140
10000000303,6962092354
10000000304,6936279506
10000000305,6903445301
10000000306,6969465243
10000000307,6909906699
10000000308,6933050104
10000000309,6981199851
10000000310,6920995067
10000000311,6997240157
10000000312,6966951928
10000000313,6951491428
10000000314,6937439107
10000000315,6930447649
10000000316,6959234056
10000000317,6964858461
10000000318,6900783554
10000000319,6962017134
10000000320,6939600551
10000000321,6939435524
10000000322,6917744549
10000000323,6929182830
10000000324,6908078339
10000000325,6902652304
10000000326,6948328029
10000000327,6992248247
10000000328,6970176747
10000000329,6911418772
10000000330,6926239040
10000000331,6981504999
10000000332,6928428262
10000000333,6967139054
10000000334,6952219541
10000000335,6963558729
10000000336,6900560919
10000000337,6947636415
10000000338,6948131082
10000000339,6997192528
10000000340,6912157303
10000000341,6963541423
10000000342,6917378028
10000000343,6975446578
10000000344,6951492515
10000000345,6962493107
10000000346,6985789988
10000000347,6901500427
10000000348,6936267766
10000000349,6986841151
10000000350,6921922101
10000000351,6911279214
10000000352,6979192616
10000000353,6997611899
10000000354,6935026487
10000000355,6924962951
10000000356,6906996859
10000000357,6924166625
10000000358,6929557517
10000000359,6912221556
10000000360,6964443016
10000000361,6922381016
10000000362,6920489741
10000000363,6941596056
10000000364,6983984358
10000000365,6989902017
10000000366,6930823866
10000000367,6972095902
10000000368,6906817026
10000000369,6981320560
10000000370,6984563535
10000000371,6959484648
10000000372,6944780494
10000000373,6952598401
10000000374,6966320333
10000000375,6982372370
10000000376,6955339217
10000000377,6917250532
10000000378,6909858429
10000000379,6921798145
10000000380,6924265113
10000000381,6902847635
10000000382,6931275316
10000000383,6980547770
10000000384,6990690322
10000000385,6938263761
10000000386,6908146399
10000000387,6926376352
10000000388,6989690424
10000000389,6943223260
10000000390,6974845247
10000000391,6960272981
10000000392,6982748691
10000000393,6985973511
10000000394,6902002540
10000000395,6908131319
10000000396,6995269726
10000000397,6975897253
10000000398,6950163394
10000000399,6947616793
10000000400,6974383169
10000000401,6928588685
10000000402,6992032559
10000000403,6904165906
10000000404,6910088806
10000000405,6985421123
10000000406,6920255268
10000000407,6927582809
10000000408,6965608496
10000000409,6999861327
10000000410,6920682568
10000000411,6914210857
10000000412,6985108331
10000000413,6971777886
10000000414,6950766192
10000000415,6909030476
10000000416,6938652121
10000000417,6954651737
10000000418,6981096630
10000000419,6983407177
10000000420,6955743077
10000000421,6991015801
10000000422,6983442498
10000000423,6982033150
10000000424,6923059164
10000000425,6901542551
10000000426,6966768556
10000000427,6906290910
10000000428,6989646630
10000000429,6934730449
10000000430,6936914312
10000000431,6988787892
10000000432,6906654012
10000000433,6938414475
10000000434,6987401145
10000000435,6989237575
10000000436,6986275209
10000000437,6927092373
10000000438,6927738183
10000000439,6990353398
10000000440,6939617112
10000000441,6941213336
10000000442,6945332682
10000000443,6971528067
10000000444,6976402581
10000000445,6921443770
10000000446,6937697788
10000000447,6939887455
10000000448,6995626886
10000000449,6907772237
10000000450,6934695232
10000000451,6999985234
10000000452,6928592056
10000000453,6962281574
10000000454,6923852699
10000000455,6943049009
10000000456,6961678078
10000000457,6984953936
10000000458,6970941577
10000000459,6988498344
10000000460,6940148185
10000000461,6987178505
10000000462,6975252733
10000000463,6906970518
10000000464,6907514830
10000000465,6916034119
10000000466,6933643121
10000000467,6979354384
10000000468,6933349237
10000000469,6989621195
10000000470,6970487671
10000000471,6988249682
10000000472,6932892875
10000000473,6927669262
10000000474,6925948597
10000000475,6981960925
10000000476,6979873101
10000000477,6931066285
10000000478,6916690457
10000000479,6980189490
10000000480,6960044213
10000000481,6909269148
10000000482,6950859174
10000000483,6981483186
10000000484,6917968329
10000000485,6997218446
10000000486,6978471895
10000000487,6907267077
10000000488,6995806156
10000000489,6995078402
10000000490,6942949137
10000000491,6930817957
10000000492,6998822957
10000000493,6912943429
10000000494,6934479953
10000000495,6996065463
10000000496,6991573929
10000000497,6914371768
10000000498,6986822233
10000000499,6977913611
10000000500,6992259556
10000000501,6960348735
10000000502,6958805960
10000000503,6922577273
10000000504,6943271909
10000000505,6942181720
10000000506,6976868950
10000000507,6940668037
10000000508,6964489643
10000000509,6914176449
10000000510,6993294393
10000000511,6952638040
10000000512,6998963496
10000000513,6987988882
10000000514,6935167680
10000000515,6986173885
10000000516,6956212808
10000000517,6941438103
10000000518,6900992029
10000000519,6942891573
10000000520,6981333497
10000000521,6924971079
10000000522,6956892268
10000000523,6921273910
10000000524,6912768385
10000000525,6952537881
10000000526,6918329877
10000000527,6960731804
10000000528,6966180287
10000000529,6922968750
10000000530,6904829748
10000000531,6970780787
10000000532,6991620648
10000000533,6970663095
10000000534,6978719167
10000000535,6942296321
10000000536,6901944841
10000000537,6964905387
10000000538,6955735247
10000000539,6990759065
10000000540,6960998015
10000000541,6985764863
10000000542,6970055977
10000000543,6988567263
10000000544,6953461189
10000000545,6950385794
10000000546,6910143500
10000000547,6913989242
10000000548,6933001052
10000000549,6921502708
10000000550,6927751365
10000000551,6971281584
10000000552,6927236088
10000000553,6990411640
10000000554,6965347593
10000000555,6901270457
10000000556,6907452286
10000000557,6912310827
10000000558,6934502728
10000000559,6995251959
10000000560,6995952648
10000000561,6954902594
10000000562,6974416646
10000000563,6944208405
10000000564,6989397487
10000000565,6943360973
10000000566,6926484479
10000000567,6915299819
10000000568,6993937287
10000000569,6966562299
10000000570,6901078958
10000000571,6984105431
10000000572,6907068495
10000000573,6976533548
10000000574,6943968673
10000000575,6983833431
10000000576,6938893875
10000000577,6936469680
10000000578,6994921727
10000000579,6936095479
10000000580,6948529100
10000000581,6905826458
10000000582,6929956753
10000000583,6960998107
10000000584,6919131465
10000000585,6924264365
10000000586,6946021589
10000000587,6927491039
10000000588,6915978765
10000000589,6995967025
10000000590,6945636735
10000000591,6962527556
10000000592,6925144841
10000000593,6975432474
10000000594,6913616355
10000000595,6945829623
10000000596,6950275741
10000000597,6918365511
10000000598,6972787602
10000000599,6917017763
10000000600,6934970430
10000000601,6902957755
10000000602,6937167340
10000000603,6911892347
10000000604,6994222981
10000000605,6946696623
10000000606,6925175782
10000000607,6921053297
10000000608,6977641801
10000000609,6968193711
10000000610,6938329757
10000000611,6960904426
10000000612,6923815822
10000000613,6933663692
10000000614,6927441538
10000000615,6998605407
10000000616,6948783479
10000000617,6993656663
10000000618,6981177529
10000000619,6954874251
10000000620,6976079678
10000000621,6913805859
10000000622,6911256416
10000000623,6910478568
10000000624,6937368124
10000000625,6969128447
10000000626,6940010117
10000000627,6976507537
10000000628,6908610339
10000000629,6987752388
10000000630,6936021298
10000000631,6970731831
10000000632,6946647702
10000000633,6929698005
10000000634,6975429050
10000000635,6907155912
10000000636,6945517545
10000000637,6942018508
10000000638,6918704929
10000000639,6983182291
10000000640,6930469040
10000000641,6948173515
10000000642,6905350538
10000000643,6909982148
10000000644,6985792284
10000000645,6992659558
10000000646,6998013301
10000000647,6933604504
10000000648,6997589575
10000000649,6906847960
10000000650,6950301468
10000000651,6987530254
10000000652,6982448447
10000000653,6912840220
10000000654,6949317073
10000000655,6930509533
10000000656,6941892485
10000000657,6974077786
10000000658,6938183965
10000000659,6951216393
