AMK,FirstName,LastName,BirthDate,Email,HireDate,IsActive,Type
10000000000,Marios,Pavlidis,1969-08-01,mpavlidis1@hdb.gr,2011-02-20,1,Doctor
10000000001,Panagiota,Petrou,1978-04-14,ppetrou2@hdb.gr,2021-04-13,1,Doctor
10000000002,Eleni,Theodorou,1998-06-27,etheodorou3@hdb.gr,2025-02-13,1,Doctor
10000000003,Nikos,Konstantinou,1984-10-03,nkonstantinou4@hdb.gr,2023-05-08,1,Doctor
10000000004,Marios,Theodorou,1989-08-28,mtheodorou5@hdb.gr,2023-10-21,1,Doctor
10000000005,Petros,Alexiou,1995-03-03,palexiou6@hdb.gr,2021-11-17,1,Doctor
10000000006,Evangelia,Vasiliou,1985-08-26,evasiliou7@hdb.gr,2016-02-04,1,Doctor
10000000007,Sofia,Athanasiou,1985-09-16,sathanasiou8@hdb.gr,2012-08-09,1,Doctor
10000000008,Panagiota,Georgiou,1994-01-27,pgeorgiou9@hdb.gr,2021-05-11,1,Doctor
10000000009,Dimitris,Athanasiou,1979-07-12,dathanasiou10@hdb.gr,2014-11-17,1,Doctor
10000000010,Michalis,Kostopoulos,1984-11-13,mkostopoulos11@hdb.gr,2021-10-28,1,Doctor
10000000011,Georgia,Sotiriou,1997-07-03,gsotiriou12@hdb.gr,2023-04-15,1,Doctor
10000000012,Dimitris,Petrou,1973-05-20,dpetrou13@hdb.gr,2021-11-15,1,Doctor
10000000013,Marios,Theodorou,1980-07-27,mtheodorou14@hdb.gr,2016-07-17,1,Doctor
10000000014,Nikos,Konstantinou,1994-12-04,nkonstantinou15@hdb.gr,2024-05-12,1,Doctor
10000000015,Kostas,Dimitriou,1978-09-02,kdimitriou16@hdb.gr,2013-12-05,1,Doctor
10000000016,Natalia,Lazarou,1991-01-25,nlazarou17@hdb.gr,2024-04-24,1,Doctor
10000000017,Dimitra,Alexiou,1996-07-08,dalexiou18@hdb.gr,2025-08-18,1,Doctor
10000000018,Katerina,Athanasiou,1982-09-23,kathanasiou19@hdb.gr,2013-02-10,1,Doctor
10000000019,Spyros,Vasiliou,1982-08-23,svasiliou20@hdb.gr,2009-10-23,1,Doctor
10000000020,Chrysa,Ioannou,1995-11-27,cioannou21@hdb.gr,2020-12-08,1,Doctor
10000000021,Evangelia,Dimitriou,1975-10-02,edimitriou22@hdb.gr,2016-06-17,1,Doctor
10000000022,Anastasia,Papadopoulos,1990-10-18,apapadopoulos23@hdb.gr,2023-07-20,1,Doctor
10000000023,Marios,Theodorou,1998-02-16,mtheodorou24@hdb.gr,2024-05-03,1,Doctor
10000000024,Marios,Kostopoulos,1967-07-19,mkostopoulos25@hdb.gr,2018-11-20,1,Doctor
10000000025,Anastasia,Alexiou,1974-09-07,aalexiou26@hdb.gr,2010-08-22,1,Doctor
10000000026,Eleni,Kostopoulos,1997-07-14,ekostopoulos27@hdb.gr,2025-03-02,1,Doctor
10000000027,Vasiliki,Vasiliou,1976-04-04,vvasiliou28@hdb.gr,2024-03-20,1,Doctor
10000000028,Maria,Petrou,1979-11-03,mpetrou29@hdb.gr,2011-12-11,1,Doctor
10000000029,Stavros,Theodorou,1992-06-12,stheodorou30@hdb.gr,2021-04-19,1,Doctor
10000000030,Eleni,Konstantinou,1977-11-19,ekonstantinou31@hdb.gr,2012-08-19,1,Doctor
10000000031,Ioanna,Lazarou,1980-07-25,ilazarou32@hdb.gr,2025-03-30,1,Doctor
10000000032,Spyros,Dimitriou,1996-08-22,sdimitriou33@hdb.gr,2023-09-11,1,Doctor
10000000033,Petros,Petrou,1979-03-01,ppetrou34@hdb.gr,2015-05-04,1,Doctor
10000000034,Chrysa,Theodorou,1983-08-02,ctheodorou35@hdb.gr,2025-04-23,1,Doctor
10000000035,Anastasia,Athanasiou,1997-12-16,aathanasiou36@hdb.gr,2022-02-26,1,Doctor
10000000036,Anna,Papadopoulos,1966-12-20,apapadopoulos37@hdb.gr,2009-01-11,1,Doctor
10000000037,Christos,Konstantinou,1980-02-23,ckonstantinou38@hdb.gr,2009-01-01,1,Doctor
10000000038,Kostas,Athanasiou,1996-07-28,kathanasiou39@hdb.gr,2023-02-09,1,Doctor
10000000039,Chrysa,Konstantinou,1977-04-12,ckonstantinou40@hdb.gr,2018-05-07,1,Doctor
10000000040,Vasiliki,Sotiriou,1980-03-24,vsotiriou41@hdb.gr,2025-01-15,1,Doctor
10000000041,Marios,Vasiliou,1993-06-07,mvasiliou42@hdb.gr,2020-12-01,1,Doctor
10000000042,Sofia,Dimitriou,1980-05-06,sdimitriou43@hdb.gr,2017-05-17,1,Doctor
10000000043,Sofia,Nikolaou,1986-07-22,snikolaou44@hdb.gr,2023-11-19,1,Doctor
10000000044,Marios,Ioannou,1996-06-11,mioannou45@hdb.gr,2022-04-10,1,Doctor
10000000045,Dimitris,Petrou,1982-07-10,dpetrou46@hdb.gr,2018-09-21,1,Doctor
10000000046,Andreas,Nikolaou,1986-11-15,anikolaou47@hdb.gr,2020-07-26,1,Doctor
10000000047,Giannis,Kostopoulos,1995-08-17,gkostopoulos48@hdb.gr,2020-06-17,1,Doctor
10000000048,Chrysa,Nikolaou,1968-04-15,cnikolaou49@hdb.gr,2010-08-17,1,Doctor
10000000049,Panagiotis,Kostopoulos,1971-07-16,pkostopoulos50@hdb.gr,2024-06-23,1,Doctor
10000000050,Panagiotis,Petrou,1995-03-15,ppetrou51@hdb.gr,2024-08-23,1,Doctor
10000000051,Giorgos,Alexiou,1981-06-23,galexiou52@hdb.gr,2016-06-01,1,Doctor
10000000052,Giorgos,Konstantinou,1985-12-15,gkonstantinou53@hdb.gr,2010-08-16,1,Doctor
10000000053,Natalia,Vasiliou,1994-06-16,nvasiliou54@hdb.gr,2024-10-23,1,Doctor
10000000054,Georgia,Sotiriou,1983-09-07,gsotiriou55@hdb.gr,2013-08-17,1,Doctor
10000000055,Evangelia,Athanasiou,1982-08-05,eathanasiou56@hdb.gr,2017-01-11,1,Doctor
10000000056,Andreas,Nikolaou,1996-01-20,anikolaou57@hdb.gr,2024-02-12,1,Doctor
10000000057,Andreas,Konstantinou,1974-09-08,akonstantinou58@hdb.gr,2011-02-26,1,Doctor
10000000058,Nikos,Konstantinou,1985-03-11,nkonstantinou59@hdb.gr,2010-11-24,1,Doctor
10000000059,Stavros,Papadopoulos,1998-11-16,spapadopoulos60@hdb.gr,2024-02-25,1,Doctor
10000000060,Katerina,Dimitriou,1963-06-01,kdimitriou61@hdb.gr,2021-08-06,1,Doctor
10000000061,Chrysa,Athanasiou,1975-08-08,cathanasiou62@hdb.gr,2009-12-12,1,Doctor
10000000062,Spyros,Papadopoulos,1996-09-27,spapadopoulos63@hdb.gr,2023-09-26,1,Doctor
10000000063,Eleni,Dimitriou,1975-05-15,edimitriou64@hdb.gr,2013-01-18,1,Doctor
10000000064,Spyros,Kostopoulos,1982-11-27,skostopoulos65@hdb.gr,2017-10-31,1,Doctor
10000000065,Nikos,Petrou,1994-03-24,npetrou66@hdb.gr,2021-05-21,1,Doctor
10000000066,Maria,Theodorou,1980-07-26,mtheodorou67@hdb.gr,2012-11-12,1,Doctor
10000000067,Vasilis,Dimitriou,1979-03-03,vdimitriou68@hdb.gr,2015-07-14,1,Doctor
10000000068,Chrysa,Papadopoulos,1992-05-03,cpapadopoulos69@hdb.gr,2019-06-29,1,Doctor
10000000069,Kostas,Pavlidis,1987-08-19,kpavlidis70@hdb.gr,2022-02-06,1,Doctor
10000000070,Michalis,Papadopoulos,1978-03-17,mpapadopoulos71@hdb.gr,2017-09-14,1,Doctor
10000000071,Dimitris,Dimitriou,1994-08-05,ddimitriou72@hdb.gr,2022-09-05,1,Doctor
10000000072,Marios,Papadopoulos,1964-09-18,mpapadopoulos73@hdb.gr,2012-03-27,1,Doctor
10000000073,Dimitris,Vasiliou,1977-02-05,dvasiliou74@hdb.gr,2014-02-07,1,Doctor
10000000074,Vasiliki,Ioannou,1994-10-16,vioannou75@hdb.gr,2022-12-22,1,Doctor
10000000075,Christos,Sotiriou,1981-10-09,csotiriou76@hdb.gr,2020-02-13,1,Doctor
10000000076,Panagiotis,Theodorou,1989-08-09,ptheodorou77@hdb.gr,2018-12-30,1,Doctor
10000000077,Dimitris,Dimitriou,1993-05-05,ddimitriou78@hdb.gr,2018-04-20,1,Doctor
10000000078,Anastasia,Ioannou,1980-01-04,aioannou79@hdb.gr,2015-09-15,1,Doctor
10000000079,Andreas,Papadopoulos,1981-01-09,apapadopoulos80@hdb.gr,2020-12-22,1,Doctor
10000000080,Ioanna,Pavlidis,1993-08-23,ipavlidis81@hdb.gr,2025-01-13,1,Doctor
10000000081,Dimitra,Nikolaou,1981-09-24,dnikolaou82@hdb.gr,2023-10-03,1,Doctor
10000000082,Christos,Theodorou,1980-10-09,ctheodorou83@hdb.gr,2020-09-05,1,Doctor
10000000083,Sofia,Konstantinou,1992-06-18,skonstantinou84@hdb.gr,2018-06-10,1,Doctor
10000000084,Spyros,Konstantinou,1969-01-27,skonstantinou85@hdb.gr,2010-12-18,1,Doctor
10000000085,Petros,Sotiriou,1981-02-14,psotiriou86@hdb.gr,2015-05-25,1,Doctor
10000000086,Maria,Lazarou,1997-07-24,mlazarou87@hdb.gr,2024-03-29,1,Doctor
10000000087,Evangelia,Pavlidis,1974-07-19,epavlidis88@hdb.gr,2020-09-30,1,Doctor
10000000088,Dimitra,Lazarou,1982-05-09,dlazarou89@hdb.gr,2017-02-13,1,Doctor
10000000089,Anastasia,Vasiliou,1997-05-01,avasiliou90@hdb.gr,2024-12-29,1,Doctor
10000000090,Vasilis,Theodorou,1983-11-17,vtheodorou91@hdb.gr,2025-07-21,1,Doctor
10000000091,Giannis,Sotiriou,1982-09-28,gsotiriou92@hdb.gr,2023-11-16,1,Doctor
10000000092,Sofia,Ioannou,1992-05-14,sioannou93@hdb.gr,2020-09-01,1,Doctor
10000000093,Petros,Dimitriou,1980-08-16,pdimitriou94@hdb.gr,2015-06-21,1,Doctor
10000000094,Anna,Konstantinou,1983-08-15,akonstantinou95@hdb.gr,2018-05-07,1,Doctor
10000000095,Georgia,Nikolaou,1994-12-11,gnikolaou96@hdb.gr,2021-08-27,1,Doctor
10000000096,Anastasia,Nikolaou,1967-01-10,anikolaou97@hdb.gr,2013-10-05,1,Doctor
10000000097,Christos,Pavlidis,1977-05-17,cpavlidis98@hdb.gr,2013-05-25,1,Doctor
10000000098,Natalia,Sotiriou,1994-12-04,nsotiriou99@hdb.gr,2021-02-18,1,Doctor
10000000099,Georgia,Petrou,1976-08-09,gpetrou100@hdb.gr,2012-10-04,1,Doctor
10000000100,Michalis,Georgiou,1979-09-07,mgeorgiou101@hdb.gr,2016-10-20,1,Doctor
10000000101,Christos,Theodorou,1998-04-22,ctheodorou102@hdb.gr,2024-05-03,1,Doctor
10000000102,Natalia,Ioannou,1976-10-25,nioannou103@hdb.gr,2019-07-26,1,Doctor
10000000103,Christos,Vasiliou,1980-02-28,cvasiliou104@hdb.gr,2024-01-09,1,Doctor
10000000104,Eleni,Dimitriou,1997-02-06,edimitriou105@hdb.gr,2025-01-24,1,Doctor
10000000105,Ioanna,Vasiliou,1974-12-06,ivasiliou106@hdb.gr,2018-05-08,1,Doctor
10000000106,Giorgos,Ioannou,1992-07-20,gioannou107@hdb.gr,2017-06-03,1,Doctor
10000000107,Vasiliki,Pavlidis,1996-05-07,vpavlidis108@hdb.gr,2022-02-09,1,Doctor
10000000108,Giannis,Alexiou,1970-07-02,galexiou109@hdb.gr,2022-07-05,1,Doctor
10000000109,Dimitris,Lazarou,1979-03-03,dlazarou110@hdb.gr,2017-05-10,1,Doctor
10000000110,Ioanna,Theodorou,1998-08-01,itheodorou111@hdb.gr,2024-02-18,1,Doctor
10000000111,Panagiota,Ioannou,1978-09-05,pioannou112@hdb.gr,2010-10-28,1,Doctor
10000000112,Georgia,Sotiriou,1991-03-14,gsotiriou113@hdb.gr,2025-03-21,1,Doctor
10000000113,Nikos,Konstantinou,1996-11-13,nkonstantinou114@hdb.gr,2022-03-31,1,Doctor
10000000114,Eleni,Alexiou,1981-11-13,ealexiou115@hdb.gr,2012-09-10,1,Doctor
10000000115,Chrysa,Petrou,1980-12-03,cpetrou116@hdb.gr,2025-02-13,1,Doctor
10000000116,Katerina,Ioannou,1996-01-25,kioannou117@hdb.gr,2021-07-21,1,Doctor
10000000117,Dimitra,Pavlidis,1984-02-19,dpavlidis118@hdb.gr,2014-07-20,1,Doctor
10000000118,Stavros,Ioannou,1991-09-25,sioannou119@hdb.gr,2021-10-24,1,Doctor
10000000119,Sofia,Sotiriou,1998-07-09,ssotiriou120@hdb.gr,2023-01-01,1,Doctor
10000000120,Eleni,Nikolaou,1967-03-27,enikolaou121@hdb.gr,2012-05-20,1,Doctor
10000000121,Marios,Athanasiou,1985-09-10,mathanasiou122@hdb.gr,2024-09-27,1,Doctor
10000000122,Georgia,Georgiou,1998-10-12,ggeorgiou123@hdb.gr,2023-09-25,1,Doctor
10000000123,Marios,Sotiriou,1984-02-01,msotiriou124@hdb.gr,2014-05-05,1,Doctor
10000000124,Michalis,Georgiou,1987-01-17,mgeorgiou125@hdb.gr,2013-08-12,1,Doctor
10000000125,Anastasia,Theodorou,1995-09-23,atheodorou126@hdb.gr,2024-02-06,1,Doctor
10000000126,Stavros,Alexiou,1987-04-10,salexiou127@hdb.gr,2017-02-12,1,Doctor
10000000127,Andreas,Kostopoulos,1979-02-07,akostopoulos128@hdb.gr,2013-04-27,1,Doctor
10000000128,Maria,Petrou,1992-11-14,mpetrou129@hdb.gr,2017-09-17,1,Doctor
10000000129,Dimitra,Papadopoulos,1971-08-21,dpapadopoulos130@hdb.gr,2020-04-16,1,Doctor
10000000130,Anastasia,Ioannou,1984-03-17,aioannou131@hdb.gr,2015-10-30,1,Doctor
10000000131,Marios,Athanasiou,1996-09-11,mathanasiou132@hdb.gr,2023-08-27,1,Doctor
10000000132,Dimitris,Petrou,1963-09-12,dpetrou133@hdb.gr,2009-12-24,1,Doctor
10000000133,Vasiliki,Nikolaou,1975-09-19,vnikolaou134@hdb.gr,2023-01-27,1,Doctor
10000000134,Sofia,Sotiriou,1998-07-20,ssotiriou135@hdb.gr,2024-11-17,1,Doctor
10000000135,Natalia,Konstantinou,1977-08-12,nkonstantinou136@hdb.gr,2019-12-12,1,Doctor
10000000136,Maria,Papadopoulos,1980-12-11,mpapadopoulos137@hdb.gr,2010-12-01,1,Doctor
10000000137,Katerina,Theodorou,1996-08-04,ktheodorou138@hdb.gr,2024-03-18,1,Doctor
10000000138,Spyros,Athanasiou,1984-09-25,sathanasiou139@hdb.gr,2019-09-09,1,Doctor
10000000139,Anastasia,Nikolaou,1981-02-24,anikolaou140@hdb.gr,2023-03-04,1,Doctor
10000000140,Panagiota,Petrou,1998-03-25,ppetrou141@hdb.gr,2024-06-28,1,Doctor
10000000141,Petros,Nikolaou,1982-04-10,pnikolaou142@hdb.gr,2015-08-20,1,Doctor
10000000142,Giorgos,Georgiou,1985-04-25,ggeorgiou143@hdb.gr,2010-11-06,1,Doctor
10000000143,Nikos,Lazarou,1993-04-05,nlazarou144@hdb.gr,2022-09-16,1,Doctor
10000000144,Vasilis,Dimitriou,1962-11-02,vdimitriou145@hdb.gr,2025-05-30,1,Doctor
10000000145,Vasilis,Sotiriou,1973-09-15,vsotiriou146@hdb.gr,2023-12-19,1,Doctor
10000000146,Michalis,Dimitriou,1992-04-15,mdimitriou147@hdb.gr,2021-08-03,1,Doctor
10000000147,Spyros,Petrou,1976-09-17,spetrou148@hdb.gr,2022-04-14,1,Doctor
10000000148,Anna,Kostopoulos,1982-09-16,akostopoulos149@hdb.gr,2019-09-05,1,Doctor
10000000149,Vasilis,Pavlidis,1993-12-27,vpavlidis150@hdb.gr,2023-11-19,1,Doctor
10000000150,Maria,Pavlidis,1972-05-09,mpavlidis151@hdb.gr,2016-10-11,1,Doctor
10000000151,Eleni,Dimitriou,1989-07-16,edimitriou152@hdb.gr,2022-07-20,1,Doctor
10000000152,Natalia,Georgiou,1995-04-01,ngeorgiou153@hdb.gr,2025-03-06,1,Doctor
10000000153,Stavros,Ioannou,1975-09-12,sioannou154@hdb.gr,2021-05-04,1,Doctor
10000000154,Anastasia,Sotiriou,1979-02-16,asotiriou155@hdb.gr,2017-01-24,1,Doctor
10000000155,Andreas,Alexiou,1997-06-20,aalexiou156@hdb.gr,2023-10-15,1,Doctor
10000000156,Sofia,Konstantinou,1971-03-28,skonstantinou157@hdb.gr,2017-05-13,1,Doctor
10000000157,Anna,Sotiriou,1987-05-28,asotiriou158@hdb.gr,2021-01-10,1,Doctor
10000000158,Nikos,Kostopoulos,1997-07-11,nkostopoulos159@hdb.gr,2022-04-22,1,Doctor
10000000159,Evangelia,Ioannou,1978-12-12,eioannou160@hdb.gr,2011-09-15,1,Doctor
10000000160,Giorgos,Theodorou,1982-04-26,gtheodorou161@hdb.gr,2015-08-26,1,Doctor
10000000161,Panagiota,Alexiou,1997-10-03,palexiou162@hdb.gr,2022-09-03,1,Doctor
10000000162,Anna,Pavlidis,1976-04-18,apavlidis163@hdb.gr,2024-03-22,1,Doctor
10000000163,Vasilis,Lazarou,1981-11-15,vlazarou164@hdb.gr,2009-04-05,1,Doctor
10000000164,Spyros,Alexiou,1993-08-14,salexiou165@hdb.gr,2024-01-09,1,Doctor
10000000165,Marios,Nikolaou,1985-03-07,mnikolaou166@hdb.gr,2014-07-21,1,Doctor
10000000166,Eleni,Ioannou,1978-11-04,eioannou167@hdb.gr,2016-09-02,1,Doctor
10000000167,Stavros,Kostopoulos,1995-04-17,skostopoulos168@hdb.gr,2020-08-08,1,Doctor
10000000168,Eleni,Athanasiou,1968-04-19,eathanasiou169@hdb.gr,2021-08-30,1,Doctor
10000000169,Panagiotis,Vasiliou,1973-01-24,pvasiliou170@hdb.gr,2013-06-14,1,Doctor
10000000170,Giorgos,Konstantinou,1992-11-16,gkonstantinou171@hdb.gr,2025-05-02,1,Doctor
10000000171,Giannis,Nikolaou,1975-01-14,gnikolaou172@hdb.gr,2011-04-04,1,Doctor
10000000172,Nikos,Theodorou,1988-05-28,ntheodorou173@hdb.gr,2014-01-26,1,Doctor
10000000173,Marios,Pavlidis,1997-08-21,mpavlidis174@hdb.gr,2025-08-23,1,Doctor
10000000174,Sofia,Theodorou,1987-02-14,stheodorou175@hdb.gr,2024-05-30,1,Doctor
10000000175,Eleni,Theodorou,1979-01-26,etheodorou176@hdb.gr,2018-07-03,1,Doctor
10000000176,Anna,Athanasiou,1996-05-22,aathanasiou177@hdb.gr,2025-03-10,1,Doctor
10000000177,Spyros,Nikolaou,1977-01-02,snikolaou178@hdb.gr,2023-11-07,1,Doctor
10000000178,Eleni,Nikolaou,1981-12-13,enikolaou179@hdb.gr,2019-09-24,1,Doctor
10000000179,Chrysa,Kostopoulos,1993-07-14,ckostopoulos180@hdb.gr,2020-10-15,1,Doctor
10000000180,Andreas,Vasiliou,1968-02-15,avasiliou181@hdb.gr,2022-06-01,1,Nurse
10000000181,Ioanna,Alexiou,1981-08-12,ialexiou182@hdb.gr,2013-04-18,1,Nurse
10000000182,Anna,Petrou,1992-05-11,apetrou183@hdb.gr,2021-04-21,1,Nurse
10000000183,Ioanna,Petrou,1978-11-08,ipetrou184@hdb.gr,2022-02-15,1,Nurse
10000000184,Giorgos,Sotiriou,1977-08-13,gsotiriou185@hdb.gr,2014-04-20,1,Nurse
10000000185,Ioanna,Lazarou,1982-05-07,ilazarou186@hdb.gr,2018-03-28,1,Nurse
10000000186,Sofia,Papadopoulos,1986-04-28,spapadopoulos187@hdb.gr,2014-03-20,1,Nurse
10000000187,Spyros,Lazarou,1992-08-09,slazarou188@hdb.gr,2018-02-11,1,Nurse
10000000188,Stavros,Theodorou,2002-08-24,stheodorou189@hdb.gr,2024-04-17,1,Nurse
10000000189,Anastasia,Alexiou,1993-01-22,aalexiou190@hdb.gr,2016-06-08,1,Nurse
10000000190,Nikos,Konstantinou,1999-12-12,nkonstantinou191@hdb.gr,2022-03-23,1,Nurse
10000000191,Georgia,Dimitriou,1993-03-11,gdimitriou192@hdb.gr,2023-06-10,1,Nurse
10000000192,Dimitra,Georgiou,1984-04-27,dgeorgiou193@hdb.gr,2023-11-14,1,Nurse
10000000193,Katerina,Dimitriou,2002-10-02,kdimitriou194@hdb.gr,2025-05-28,1,Nurse
10000000194,Andreas,Vasiliou,1990-04-11,avasiliou195@hdb.gr,2022-02-25,1,Nurse
10000000195,Dimitris,Pavlidis,1994-11-23,dpavlidis196@hdb.gr,2024-07-25,1,Nurse
10000000196,Vasilis,Papadopoulos,1987-03-22,vpapadopoulos197@hdb.gr,2020-04-09,1,Nurse
10000000197,Michalis,Pavlidis,2001-08-24,mpavlidis198@hdb.gr,2025-08-22,1,Nurse
10000000198,Michalis,Georgiou,1978-07-11,mgeorgiou199@hdb.gr,2019-02-01,1,Nurse
10000000199,Andreas,Georgiou,1996-04-23,ageorgiou200@hdb.gr,2017-05-09,1,Nurse
10000000200,Petros,Konstantinou,1978-08-24,pkonstantinou201@hdb.gr,2023-06-25,1,Nurse
10000000201,Ioanna,Kostopoulos,1987-01-14,ikostopoulos202@hdb.gr,2022-06-11,1,Nurse
10000000202,Sofia,Vasiliou,1984-08-16,svasiliou203@hdb.gr,2024-06-11,1,Nurse
10000000203,Vasilis,Alexiou,1985-08-28,valexiou204@hdb.gr,2013-07-26,1,Nurse
10000000204,Anna,Petrou,1984-11-15,apetrou205@hdb.gr,2024-08-01,1,Nurse
10000000205,Anna,Theodorou,1983-09-18,atheodorou206@hdb.gr,2015-04-11,1,Nurse
10000000206,Eleni,Kostopoulos,1983-02-10,ekostopoulos207@hdb.gr,2014-03-15,1,Nurse
10000000207,Vasilis,Ioannou,1995-11-11,vioannou208@hdb.gr,2021-08-29,1,Nurse
10000000208,Panagiota,Ioannou,1996-08-12,pioannou209@hdb.gr,2023-05-04,1,Nurse
10000000209,Sofia,Lazarou,1995-11-19,slazarou210@hdb.gr,2021-10-07,1,Nurse
10000000210,Stavros,Sotiriou,1976-03-20,ssotiriou211@hdb.gr,2021-10-09,1,Nurse
10000000211,Anastasia,Pavlidis,2002-07-07,apavlidis212@hdb.gr,2023-03-06,1,Nurse
10000000212,Sofia,Sotiriou,1996-04-25,ssotiriou213@hdb.gr,2024-08-16,1,Nurse
10000000213,Vasilis,Theodorou,1989-05-13,vtheodorou214@hdb.gr,2017-02-20,1,Nurse
10000000214,Andreas,Lazarou,1980-01-10,alazarou215@hdb.gr,2016-01-16,1,Nurse
10000000215,Panagiotis,Athanasiou,1995-08-28,pathanasiou216@hdb.gr,2018-04-20,1,Nurse
10000000216,Katerina,Kostopoulos,1980-05-07,kkostopoulos217@hdb.gr,2012-02-28,1,Nurse
10000000217,Nikos,Theodorou,1989-12-17,ntheodorou218@hdb.gr,2017-12-23,1,Nurse
10000000218,Vasiliki,Nikolaou,1996-05-19,vnikolaou219@hdb.gr,2024-04-01,1,Nurse
10000000219,Andreas,Georgiou,2002-07-01,ageorgiou220@hdb.gr,2025-01-15,1,Nurse
10000000220,Panagiotis,Athanasiou,1998-02-10,pathanasiou221@hdb.gr,2024-06-22,1,Nurse
10000000221,Georgia,Vasiliou,1983-11-24,gvasiliou222@hdb.gr,2022-10-20,1,Nurse
10000000222,Georgia,Theodorou,1996-02-21,gtheodorou223@hdb.gr,2020-09-01,1,Nurse
10000000223,Evangelia,Konstantinou,1984-05-27,ekonstantinou224@hdb.gr,2012-02-07,1,Nurse
10000000224,Vasilis,Athanasiou,1990-06-26,vathanasiou225@hdb.gr,2022-11-18,1,Nurse
10000000225,Michalis,Alexiou,1978-10-26,malexiou226@hdb.gr,2025-04-13,1,Nurse
10000000226,Chrysa,Sotiriou,1980-04-07,csotiriou227@hdb.gr,2024-11-09,1,Nurse
10000000227,Dimitris,Athanasiou,1995-03-22,dathanasiou228@hdb.gr,2016-05-20,1,Nurse
10000000228,Dimitris,Konstantinou,1979-07-19,dkonstantinou229@hdb.gr,2018-01-03,1,Nurse
10000000229,Chrysa,Ioannou,1988-06-24,cioannou230@hdb.gr,2019-05-03,1,Nurse
10000000230,Christos,Petrou,1989-09-13,cpetrou231@hdb.gr,2013-10-16,1,Nurse
10000000231,Katerina,Theodorou,1982-01-11,ktheodorou232@hdb.gr,2013-06-03,1,Nurse
10000000232,Spyros,Alexiou,1983-11-17,salexiou233@hdb.gr,2021-01-25,1,Nurse
10000000233,Maria,Lazarou,1982-09-25,mlazarou234@hdb.gr,2018-11-30,1,Nurse
10000000234,Michalis,Sotiriou,1983-11-20,msotiriou235@hdb.gr,2023-07-25,1,Nurse
10000000235,Michalis,Vasiliou,1996-05-27,mvasiliou236@hdb.gr,2023-03-09,1,Nurse
10000000236,Nikos,Sotiriou,1990-05-15,nsotiriou237@hdb.gr,2016-10-08,1,Nurse
10000000237,Dimitra,Petrou,2001-07-12,dpetrou238@hdb.gr,2022-07-23,1,Nurse
10000000238,Georgia,Dimitriou,1986-10-10,gdimitriou239@hdb.gr,2014-04-14,1,Nurse
10000000239,Anna,Theodorou,1998-04-07,atheodorou240@hdb.gr,2020-01-19,1,Nurse
10000000240,Anastasia,Theodorou,1995-10-07,atheodorou241@hdb.gr,2016-09-10,1,Nurse
10000000241,Anastasia,Papadopoulos,2002-04-27,apapadopoulos242@hdb.gr,2025-09-12,1,Nurse
10000000242,Kostas,Petrou,1996-12-24,kpetrou243@hdb.gr,2019-05-01,1,Nurse
10000000243,Katerina,Papadopoulos,1992-05-28,kpapadopoulos244@hdb.gr,2023-05-30,1,Nurse
10000000244,Georgia,Georgiou,1982-05-25,ggeorgiou245@hdb.gr,2020-02-08,1,Nurse
10000000245,Petros,Petrou,1984-02-04,ppetrou246@hdb.gr,2014-09-28,1,Nurse
10000000246,Dimitra,Petrou,2001-04-04,dpetrou247@hdb.gr,2025-03-31,1,Nurse
10000000247,Spyros,Athanasiou,1983-12-23,sathanasiou248@hdb.gr,2021-01-01,1,Nurse
10000000248,Evangelia,Pavlidis,2001-04-16,epavlidis249@hdb.gr,2024-06-13,1,Nurse
10000000249,Andreas,Ioannou,1983-12-03,aioannou250@hdb.gr,2025-03-15,1,Nurse
10000000250,Ioanna,Petrou,1986-01-21,ipetrou251@hdb.gr,2016-10-21,1,Nurse
10000000251,Marios,Ioannou,1985-09-16,mioannou252@hdb.gr,2014-05-27,1,Nurse
10000000252,Giorgos,Ioannou,1984-07-07,gioannou253@hdb.gr,2024-01-06,1,Nurse
10000000253,Nikos,Pavlidis,1997-08-18,npavlidis254@hdb.gr,2018-11-06,1,Nurse
10000000254,Eleni,Georgiou,1994-07-01,egeorgiou255@hdb.gr,2024-05-27,1,Nurse
10000000255,Anna,Papadopoulos,1995-08-15,apapadopoulos256@hdb.gr,2016-05-30,1,Nurse
10000000256,Ioanna,Theodorou,1987-12-17,itheodorou257@hdb.gr,2022-03-07,1,Nurse
10000000257,Natalia,Athanasiou,1988-12-12,nathanasiou258@hdb.gr,2021-10-29,1,Nurse
10000000258,Andreas,Dimitriou,2000-11-03,adimitriou259@hdb.gr,2022-08-02,1,Nurse
10000000259,Giannis,Kostopoulos,1991-10-26,gkostopoulos260@hdb.gr,2018-05-10,1,Nurse
10000000260,Marios,Ioannou,1979-04-02,mioannou261@hdb.gr,2012-05-14,1,Nurse
10000000261,Katerina,Kostopoulos,1988-09-19,kkostopoulos262@hdb.gr,2013-01-01,1,Nurse
10000000262,Andreas,Sotiriou,1979-04-22,asotiriou263@hdb.gr,2016-06-23,1,Nurse
10000000263,Vasiliki,Konstantinou,1982-11-11,vkonstantinou264@hdb.gr,2019-10-31,1,Nurse
10000000264,Spyros,Georgiou,1989-11-26,sgeorgiou265@hdb.gr,2012-12-15,1,Nurse
10000000265,Vasilis,Georgiou,1998-09-15,vgeorgiou266@hdb.gr,2021-03-05,1,Nurse
10000000266,Eleni,Ioannou,1981-06-09,eioannou267@hdb.gr,2020-11-21,1,Nurse
10000000267,Anna,Ioannou,1992-03-15,aioannou268@hdb.gr,2014-02-26,1,Nurse
10000000268,Giorgos,Dimitriou,1993-06-14,gdimitriou269@hdb.gr,2021-12-17,1,Nurse
10000000269,Michalis,Konstantinou,1978-07-13,mkonstantinou270@hdb.gr,2012-04-30,1,Nurse
10000000270,Giorgos,Alexiou,1995-08-11,galexiou271@hdb.gr,2021-01-21,1,Nurse
10000000271,Giorgos,Nikolaou,1987-06-18,gnikolaou272@hdb.gr,2024-11-12,1,Nurse
10000000272,Eleni,Georgiou,1976-11-23,egeorgiou273@hdb.gr,2021-11-27,1,Nurse
10000000273,Christos,Athanasiou,1989-10-04,cathanasiou274@hdb.gr,2019-10-29,1,Nurse
10000000274,Spyros,Vasiliou,2002-12-13,svasiliou275@hdb.gr,2023-06-28,1,Nurse
10000000275,Panagiotis,Kostopoulos,1994-04-08,pkostopoulos276@hdb.gr,2022-05-27,1,Nurse
10000000276,Anna,Lazarou,1970-05-10,alazarou277@hdb.gr,2019-11-04,1,Nurse
10000000277,Petros,Konstantinou,2000-05-19,pkonstantinou278@hdb.gr,2024-10-28,1,Nurse
10000000278,Nikos,Lazarou,1993-03-07,nlazarou279@hdb.gr,2020-10-14,1,Nurse
10000000279,Dimitris,Nikolaou,1983-09-22,dnikolaou280@hdb.gr,2013-01-08,1,Nurse
10000000280,Stavros,Vasiliou,1995-02-24,svasiliou281@hdb.gr,2024-11-11,1,Nurse
10000000281,Kostas,Vasiliou,1994-02-03,kvasiliou282@hdb.gr,2022-11-20,1,Nurse
10000000282,Christos,Alexiou,1979-01-07,calexiou283@hdb.gr,2013-10-23,1,Nurse
10000000283,Kostas,Alexiou,1984-01-19,kalexiou284@hdb.gr,2014-06-21,1,Nurse
10000000284,Andreas,Sotiriou,1978-04-10,asotiriou285@hdb.gr,2013-02-02,1,Nurse
10000000285,Marios,Georgiou,1991-08-15,mgeorgiou286@hdb.gr,2017-02-04,1,Nurse
10000000286,Marios,Theodorou,1987-01-04,mtheodorou287@hdb.gr,2016-11-04,1,Nurse
10000000287,Vasilis,Lazarou,2000-12-22,vlazarou288@hdb.gr,2024-02-10,1,Nurse
10000000288,Marios,Petrou,2001-11-24,mpetrou289@hdb.gr,2024-12-30,1,Nurse
10000000289,Giorgos,Lazarou,1995-06-24,glazarou290@hdb.gr,2022-10-19,1,Nurse
10000000290,Dimitra,Sotiriou,1995-06-14,dsotiriou291@hdb.gr,2025-05-21,1,Nurse
10000000291,Andreas,Alexiou,1981-07-17,aalexiou292@hdb.gr,2022-05-12,1,Nurse
10000000292,Giannis,Konstantinou,1980-09-07,gkonstantinou293@hdb.gr,2021-04-09,1,Nurse
10000000293,Anastasia,Lazarou,1977-09-27,alazarou294@hdb.gr,2023-03-04,1,Nurse
10000000294,Christos,Kostopoulos,1991-10-03,ckostopoulos295@hdb.gr,2025-03-23,1,Nurse
10000000295,Christos,Athanasiou,1980-04-05,cathanasiou296@hdb.gr,2021-05-29,1,Nurse
10000000296,Christos,Ioannou,1979-10-24,cioannou297@hdb.gr,2012-11-15,1,Nurse
10000000297,Panagiota,Athanasiou,2001-12-24,pathanasiou298@hdb.gr,2023-08-31,1,Nurse
10000000298,Anastasia,Dimitriou,1994-02-24,adimitriou299@hdb.gr,2019-01-13,1,Nurse
10000000299,Anna,Pavlidis,1997-04-08,apavlidis300@hdb.gr,2023-03-06,1,Nurse
10000000300,Panagiota,Georgiou,1978-09-24,pgeorgiou301@hdb.gr,2018-08-24,1,Nurse
10000000301,Vasilis,Pavlidis,2001-03-12,vpavlidis302@hdb.gr,2024-08-30,1,Nurse
10000000302,Anna,Athanasiou,1993-03-08,aathanasiou303@hdb.gr,2017-01-09,1,Nurse
10000000303,Katerina,Pavlidis,1979-07-11,kpavlidis304@hdb.gr,2021-09-06,1,Nurse
10000000304,Andreas,Lazarou,1977-12-22,alazarou305@hdb.gr,2021-05-13,1,Nurse
10000000305,Michalis,Georgiou,2000-02-06,mgeorgiou306@hdb.gr,2021-03-10,1,Nurse
10000000306,Petros,Athanasiou,1977-12-09,pathanasiou307@hdb.gr,2013-11-17,1,Nurse
10000000307,Spyros,Nikolaou,1988-03-18,snikolaou308@hdb.gr,2022-03-09,1,Nurse
10000000308,Anna,Alexiou,1982-07-13,aalexiou309@hdb.gr,2022-12-11,1,Nurse
10000000309,Anastasia,Theodorou,1995-02-02,atheodorou310@hdb.gr,2020-07-24,1,Nurse
10000000310,Evangelia,Athanasiou,1984-07-27,eathanasiou311@hdb.gr,2022-09-29,1,Nurse
10000000311,Eleni,Dimitriou,1986-04-06,edimitriou312@hdb.gr,2021-02-11,1,Nurse
10000000312,Dimitris,Dimitriou,1997-03-23,ddimitriou313@hdb.gr,2018-07-29,1,Nurse
10000000313,Michalis,Vasiliou,1990-07-27,mvasiliou314@hdb.gr,2016-08-07,1,Nurse
10000000314,Katerina,Konstantinou,1991-10-09,kkonstantinou315@hdb.gr,2022-08-05,1,Nurse
10000000315,Panagiotis,Sotiriou,2002-02-08,psotiriou316@hdb.gr,2023-10-29,1,Nurse
10000000316,Vasilis,Sotiriou,1987-05-26,vsotiriou317@hdb.gr,2017-10-08,1,Nurse
10000000317,Marios,Papadopoulos,1993-07-06,mpapadopoulos318@hdb.gr,2019-10-06,1,Nurse
10000000318,Dimitra,Athanasiou,1997-09-02,dathanasiou319@hdb.gr,2018-04-12,1,Nurse
10000000319,Anna,Dimitriou,1986-03-21,adimitriou320@hdb.gr,2021-08-24,1,Nurse
10000000320,Evangelia,Pavlidis,2001-11-17,epavlidis321@hdb.gr,2023-12-10,1,Nurse
10000000321,Andreas,Alexiou,2002-01-28,aalexiou322@hdb.gr,2024-04-25,1,Nurse
10000000322,Kostas,Konstantinou,1991-06-17,kkonstantinou323@hdb.gr,2013-02-07,1,Nurse
10000000323,Nikos,Lazarou,1977-08-27,nlazarou324@hdb.gr,2022-08-09,1,Nurse
10000000324,Evangelia,Sotiriou,1984-02-19,esotiriou325@hdb.gr,2015-11-26,1,Nurse
10000000325,Nikos,Athanasiou,1997-09-27,nathanasiou326@hdb.gr,2025-06-20,1,Nurse
10000000326,Dimitris,Konstantinou,2002-02-27,dkonstantinou327@hdb.gr,2024-09-23,1,Nurse
10000000327,Spyros,Vasiliou,1983-02-18,svasiliou328@hdb.gr,2013-03-06,1,Nurse
10000000328,Michalis,Ioannou,1996-12-09,mioannou329@hdb.gr,2022-12-01,1,Nurse
10000000329,Anastasia,Nikolaou,2000-09-08,anikolaou330@hdb.gr,2024-01-19,1,Nurse
10000000330,Georgia,Ioannou,2001-12-16,gioannou331@hdb.gr,2024-11-30,1,Nurse
10000000331,Maria,Theodorou,1988-07-20,mtheodorou332@hdb.gr,2018-02-11,1,Nurse
10000000332,Marios,Dimitriou,1980-07-25,mdimitriou333@hdb.gr,2017-11-16,1,Nurse
10000000333,Georgia,Dimitriou,1977-03-06,gdimitriou334@hdb.gr,2016-11-07,1,Nurse
10000000334,Christos,Lazarou,1980-02-11,clazarou335@hdb.gr,2021-05-28,1,Nurse
10000000335,Spyros,Theodorou,1990-12-22,stheodorou336@hdb.gr,2016-04-09,1,Nurse
10000000336,Spyros,Vasiliou,2002-10-22,svasiliou337@hdb.gr,2025-03-25,1,Nurse
10000000337,Maria,Theodorou,1976-06-19,mtheodorou338@hdb.gr,2020-09-26,1,Nurse
10000000338,Giannis,Georgiou,1992-08-14,ggeorgiou339@hdb.gr,2020-04-21,1,Nurse
10000000339,Petros,Alexiou,1999-09-05,palexiou340@hdb.gr,2024-09-02,1,Nurse
10000000340,Andreas,Vasiliou,1996-08-02,avasiliou341@hdb.gr,2019-08-07,1,Nurse
10000000341,Chrysa,Lazarou,1989-08-05,clazarou342@hdb.gr,2016-09-23,1,Nurse
10000000342,Anna,Ioannou,1984-06-11,aioannou343@hdb.gr,2019-02-14,1,Nurse
10000000343,Dimitris,Nikolaou,1998-10-19,dnikolaou344@hdb.gr,2022-01-26,1,Nurse
10000000344,Spyros,Georgiou,1997-10-09,sgeorgiou345@hdb.gr,2018-12-28,1,Nurse
10000000345,Panagiotis,Lazarou,1978-07-08,plazarou346@hdb.gr,2022-11-24,1,Nurse
10000000346,Kostas,Georgiou,2002-04-04,kgeorgiou347@hdb.gr,2024-04-16,1,Nurse
10000000347,Spyros,Pavlidis,1994-10-21,spavlidis348@hdb.gr,2017-01-14,1,Nurse
10000000348,Chrysa,Papadopoulos,1978-01-01,cpapadopoulos349@hdb.gr,2012-02-18,1,Nurse
10000000349,Maria,Alexiou,1989-02-17,malexiou350@hdb.gr,2014-03-22,1,Nurse
10000000350,Andreas,Konstantinou,2002-10-18,akonstantinou351@hdb.gr,2023-10-28,1,Nurse
10000000351,Stavros,Athanasiou,1991-11-13,sathanasiou352@hdb.gr,2025-05-28,1,Nurse
10000000352,Sofia,Georgiou,1987-01-21,sgeorgiou353@hdb.gr,2019-01-18,1,Nurse
10000000353,Evangelia,Vasiliou,1992-10-07,evasiliou354@hdb.gr,2023-06-23,1,Nurse
10000000354,Vasilis,Papadopoulos,1981-01-05,vpapadopoulos355@hdb.gr,2013-10-21,1,Nurse
10000000355,Eleni,Kostopoulos,1989-11-17,ekostopoulos356@hdb.gr,2021-02-05,1,Nurse
10000000356,Vasiliki,Lazarou,1986-01-06,vlazarou357@hdb.gr,2013-10-06,1,Nurse
10000000357,Dimitra,Kostopoulos,1983-12-08,dkostopoulos358@hdb.gr,2012-08-17,1,Nurse
10000000358,Anastasia,Petrou,1997-11-16,apetrou359@hdb.gr,2024-12-06,1,Nurse
10000000359,Petros,Nikolaou,1988-09-07,pnikolaou360@hdb.gr,2025-03-25,1,Nurse
10000000360,Giorgos,Papadopoulos,1978-04-16,gpapadopoulos361@hdb.gr,2012-09-01,1,Nurse
10000000361,Natalia,Lazarou,1985-03-15,nlazarou362@hdb.gr,2023-04-20,1,Nurse
10000000362,Ioanna,Sotiriou,1999-02-11,isotiriou363@hdb.gr,2023-04-20,1,Nurse
10000000363,Panagiotis,Pavlidis,1976-06-03,ppavlidis364@hdb.gr,2022-04-22,1,Nurse
10000000364,Chrysa,Konstantinou,1987-08-01,ckonstantinou365@hdb.gr,2019-04-02,1,Nurse
10000000365,Anna,Konstantinou,1989-08-17,akonstantinou366@hdb.gr,2024-07-03,1,Nurse
10000000366,Anastasia,Papadopoulos,1987-12-09,apapadopoulos367@hdb.gr,2021-10-13,1,Nurse
10000000367,Panagiotis,Georgiou,1983-08-02,pgeorgiou368@hdb.gr,2020-09-14,1,Nurse
10000000368,Panagiotis,Dimitriou,1985-08-25,pdimitriou369@hdb.gr,2020-07-03,1,Nurse
10000000369,Vasiliki,Kostopoulos,1998-04-12,vkostopoulos370@hdb.gr,2025-01-24,1,Nurse
10000000370,Petros,Georgiou,2000-10-21,pgeorgiou371@hdb.gr,2024-07-25,1,Nurse
10000000371,Christos,Kostopoulos,1991-11-13,ckostopoulos372@hdb.gr,2025-08-23,1,Nurse
10000000372,Eleni,Nikolaou,1973-10-19,enikolaou373@hdb.gr,2025-08-02,1,Nurse
10000000373,Ioanna,Georgiou,2001-05-03,igeorgiou374@hdb.gr,2023-02-01,1,Nurse
10000000374,Nikos,Alexiou,1994-01-02,nalexiou375@hdb.gr,2018-02-18,1,Nurse
10000000375,Panagiotis,Nikolaou,1984-02-23,pnikolaou376@hdb.gr,2017-03-04,1,Nurse
10000000376,Giorgos,Lazarou,1992-10-16,glazarou377@hdb.gr,2023-10-31,1,Nurse
10000000377,Spyros,Vasiliou,1977-06-02,svasiliou378@hdb.gr,2012-01-18,1,Nurse
10000000378,Andreas,Athanasiou,1987-10-13,aathanasiou379@hdb.gr,2016-11-09,1,Nurse
10000000379,Anna,Konstantinou,2002-01-08,akonstantinou380@hdb.gr,2023-12-17,1,Nurse
10000000380,Ioanna,Lazarou,1996-10-03,ilazarou381@hdb.gr,2017-12-02,1,Nurse
10000000381,Andreas,Kostopoulos,1994-02-24,akostopoulos382@hdb.gr,2023-07-01,1,Nurse
10000000382,Anastasia,Petrou,1978-08-23,apetrou383@hdb.gr,2015-12-07,1,Nurse
10000000383,Spyros,Alexiou,1984-06-28,salexiou384@hdb.gr,2014-02-16,1,Nurse
10000000384,Michalis,Ioannou,1992-06-06,mioannou385@hdb.gr,2018-06-27,1,Nurse
10000000385,Katerina,Georgiou,1976-11-04,kgeorgiou386@hdb.gr,2014-08-16,1,Nurse
10000000386,Giorgos,Kostopoulos,1998-11-05,gkostopoulos387@hdb.gr,2019-10-23,1,Nurse
10000000387,Giorgos,Dimitriou,1980-05-18,gdimitriou388@hdb.gr,2015-10-28,1,Nurse
10000000388,Panagiotis,Petrou,1988-07-15,ppetrou389@hdb.gr,2014-06-20,1,Nurse
10000000389,Maria,Lazarou,1984-06-18,mlazarou390@hdb.gr,2023-02-10,1,Nurse
10000000390,Ioanna,Konstantinou,1985-09-05,ikonstantinou391@hdb.gr,2014-09-02,1,Nurse
10000000391,Anastasia,Ioannou,1977-04-25,aioannou392@hdb.gr,2016-10-03,1,Nurse
10000000392,Christos,Nikolaou,2000-02-12,cnikolaou393@hdb.gr,2025-08-09,1,Nurse
10000000393,Ioanna,Vasiliou,2001-11-07,ivasiliou394@hdb.gr,2025-05-21,1,Nurse
10000000394,Vasiliki,Vasiliou,1979-08-18,vvasiliou395@hdb.gr,2015-01-31,1,Nurse
10000000395,Nikos,Pavlidis,1983-05-18,npavlidis396@hdb.gr,2023-11-08,1,Nurse
10000000396,Spyros,Papadopoulos,1977-09-26,spapadopoulos397@hdb.gr,2021-12-12,1,Nurse
10000000397,Marios,Lazarou,1979-02-23,mlazarou398@hdb.gr,2018-05-06,1,Nurse
10000000398,Andreas,Petrou,2001-08-12,apetrou399@hdb.gr,2025-06-24,1,Nurse
10000000399,Giorgos,Georgiou,1996-03-22,ggeorgiou400@hdb.gr,2017-05-25,1,Nurse
10000000400,Katerina,Nikolaou,1997-12-21,knikolaou401@hdb.gr,2025-01-27,1,Nurse
10000000401,Giannis,Georgiou,1983-07-04,ggeorgiou402@hdb.gr,2019-03-30,1,Nurse
10000000402,Dimitris,Theodorou,1988-01-17,dtheodorou403@hdb.gr,2012-08-15,1,Nurse
10000000403,Marios,Papadopoulos,1999-09-08,mpapadopoulos404@hdb.gr,2023-02-19,1,Nurse
10000000404,Marios,Konstantinou,1991-03-02,mkonstantinou405@hdb.gr,2013-08-02,1,Nurse
10000000405,Spyros,Kostopoulos,1978-01-08,skostopoulos406@hdb.gr,2025-06-01,1,Nurse
10000000406,Giorgos,Sotiriou,1990-08-20,gsotiriou407@hdb.gr,2019-05-21,1,Nurse
10000000407,Dimitris,Kostopoulos,1987-12-11,dkostopoulos408@hdb.gr,2016-08-21,1,Nurse
10000000408,Kostas,Dimitriou,1986-04-03,kdimitriou409@hdb.gr,2013-08-25,1,Nurse
10000000409,Giannis,Nikolaou,1980-03-20,gnikolaou410@hdb.gr,2016-11-26,1,Nurse
10000000410,Anastasia,Georgiou,1984-02-14,ageorgiou411@hdb.gr,2015-12-02,1,Nurse
10000000411,Katerina,Kostopoulos,1976-04-24,kkostopoulos412@hdb.gr,2020-09-25,1,Nurse
10000000412,Dimitra,Pavlidis,1980-09-22,dpavlidis413@hdb.gr,2018-12-18,1,Nurse
10000000413,Evangelia,Papadopoulos,2000-06-16,epapadopoulos414@hdb.gr,2022-01-20,1,Nurse
10000000414,Giannis,Dimitriou,1982-11-15,gdimitriou415@hdb.gr,2015-12-11,1,Nurse
10000000415,Evangelia,Nikolaou,2002-08-02,enikolaou416@hdb.gr,2024-10-14,1,Nurse
10000000416,Sofia,Konstantinou,1983-09-20,skonstantinou417@hdb.gr,2016-07-23,1,Nurse
10000000417,Chrysa,Papadopoulos,1978-12-09,cpapadopoulos418@hdb.gr,2014-04-24,1,Nurse
10000000418,Andreas,Sotiriou,1998-03-27,asotiriou419@hdb.gr,2024-11-04,1,Nurse
10000000419,Petros,Theodorou,1980-11-11,ptheodorou420@hdb.gr,2023-09-07,1,Nurse
10000000420,Eleni,Konstantinou,1981-08-08,ekonstantinou421@hdb.gr,2016-07-18,1,Nurse
10000000421,Andreas,Ioannou,1997-04-03,aioannou422@hdb.gr,2021-12-08,1,Nurse
10000000422,Anna,Petrou,1986-05-21,apetrou423@hdb.gr,2024-05-24,1,Nurse
10000000423,Vasiliki,Vasiliou,1979-01-20,vvasiliou424@hdb.gr,2024-02-17,1,Nurse
10000000424,Stavros,Nikolaou,2001-11-19,snikolaou425@hdb.gr,2025-02-21,1,Nurse
10000000425,Panagiota,Petrou,1991-02-26,ppetrou426@hdb.gr,2019-10-10,1,Nurse
10000000426,Giorgos,Dimitriou,1996-09-12,gdimitriou427@hdb.gr,2019-07-12,1,Nurse
10000000427,Anastasia,Papadopoulos,2000-11-11,apapadopoulos428@hdb.gr,2024-12-03,1,Nurse
10000000428,Ioanna,Vasiliou,1979-08-20,ivasiliou429@hdb.gr,2014-05-19,1,Nurse
10000000429,Katerina,Ioannou,1997-04-10,kioannou430@hdb.gr,2023-08-03,1,Nurse
10000000430,Anna,Papadopoulos,2000-12-09,apapadopoulos431@hdb.gr,2024-10-21,1,Nurse
10000000431,Vasiliki,Georgiou,1980-11-26,vgeorgiou432@hdb.gr,2022-04-08,1,Nurse
10000000432,Giannis,Pavlidis,1977-09-24,gpavlidis433@hdb.gr,2017-05-04,1,Nurse
10000000433,Panagiotis,Konstantinou,1993-07-20,pkonstantinou434@hdb.gr,2020-05-13,1,Nurse
10000000434,Panagiotis,Sotiriou,1983-12-03,psotiriou435@hdb.gr,2024-03-19,1,Nurse
10000000435,Stavros,Lazarou,1985-01-14,slazarou436@hdb.gr,2019-02-10,1,Nurse
10000000436,Stavros,Sotiriou,1995-01-23,ssotiriou437@hdb.gr,2021-03-06,1,Nurse
10000000437,Maria,Papadopoulos,1986-07-08,mpapadopoulos438@hdb.gr,2022-10-05,1,Nurse
10000000438,Anna,Alexiou,1988-03-13,aalexiou439@hdb.gr,2022-12-30,1,Nurse
10000000439,Nikos,Petrou,1980-06-22,npetrou440@hdb.gr,2022-07-24,1,Nurse
10000000440,Marios,Kostopoulos,1997-12-15,mkostopoulos441@hdb.gr,2025-08-26,1,Nurse
10000000441,Evangelia,Nikolaou,1983-11-07,enikolaou442@hdb.gr,2012-08-03,1,Nurse
10000000442,Christos,Athanasiou,1986-09-10,cathanasiou443@hdb.gr,2021-08-15,1,Nurse
10000000443,Kostas,Dimitriou,1992-12-04,kdimitriou444@hdb.gr,2019-12-11,1,Nurse
10000000444,Natalia,Vasiliou,1983-03-07,nvasiliou445@hdb.gr,2017-01-22,1,Nurse
10000000445,Marios,Sotiriou,1991-12-17,msotiriou446@hdb.gr,2012-04-26,1,Nurse
10000000446,Kostas,Ioannou,1993-07-23,kioannou447@hdb.gr,2025-05-17,1,Nurse
10000000447,Giorgos,Sotiriou,1992-11-14,gsotiriou448@hdb.gr,2021-05-12,1,Nurse
10000000448,Georgia,Ioannou,1995-04-08,gioannou449@hdb.gr,2021-11-27,1,Nurse
10000000449,Dimitra,Alexiou,1996-05-15,dalexiou450@hdb.gr,2022-04-20,1,Nurse
10000000450,Michalis,Sotiriou,1999-09-18,msotiriou451@hdb.gr,2022-07-13,1,Nurse
10000000451,Eleni,Theodorou,1987-07-18,etheodorou452@hdb.gr,2017-07-26,1,Nurse
10000000452,Katerina,Nikolaou,1989-03-18,knikolaou453@hdb.gr,2016-07-03,1,Nurse
10000000453,Anna,Dimitriou,2002-05-26,adimitriou454@hdb.gr,2025-03-23,1,Nurse
10000000454,Petros,Petrou,1997-02-26,ppetrou455@hdb.gr,2020-12-11,1,Nurse
10000000455,Katerina,Nikolaou,1976-05-13,knikolaou456@hdb.gr,2013-09-10,1,Nurse
10000000456,Georgia,Konstantinou,1993-11-27,gkonstantinou457@hdb.gr,2022-06-26,1,Nurse
10000000457,Giorgos,Pavlidis,2002-12-21,gpavlidis458@hdb.gr,2024-05-23,1,Nurse
10000000458,Dimitra,Petrou,1990-12-16,dpetrou459@hdb.gr,2022-08-02,1,Nurse
10000000459,Panagiota,Sotiriou,1989-06-01,psotiriou460@hdb.gr,2023-02-04,1,Nurse
10000000460,Panagiotis,Lazarou,1981-11-14,plazarou461@hdb.gr,2021-08-26,1,Nurse
10000000461,Sofia,Theodorou,1997-04-03,stheodorou462@hdb.gr,2022-04-08,1,Nurse
10000000462,Anna,Papadopoulos,1991-01-26,apapadopoulos463@hdb.gr,2019-08-31,1,Nurse
10000000463,Anna,Kostopoulos,1990-04-20,akostopoulos464@hdb.gr,2021-10-14,1,Nurse
10000000464,Spyros,Sotiriou,1979-09-05,ssotiriou465@hdb.gr,2015-09-17,1,Nurse
10000000465,Vasilis,Sotiriou,1982-04-16,vsotiriou466@hdb.gr,2022-11-20,1,Nurse
10000000466,Michalis,Alexiou,1980-02-16,malexiou467@hdb.gr,2023-05-04,1,Nurse
10000000467,Ioanna,Vasiliou,1980-02-19,ivasiliou468@hdb.gr,2023-08-28,1,Nurse
10000000468,Panagiotis,Vasiliou,1976-08-02,pvasiliou469@hdb.gr,2025-02-25,1,Nurse
10000000469,Eleni,Vasiliou,1993-02-15,evasiliou470@hdb.gr,2019-07-22,1,Nurse
10000000470,Kostas,Alexiou,1993-10-06,kalexiou471@hdb.gr,2019-11-01,1,Nurse
10000000471,Georgia,Dimitriou,1993-05-02,gdimitriou472@hdb.gr,2015-07-02,1,Nurse
10000000472,Katerina,Athanasiou,1995-05-26,kathanasiou473@hdb.gr,2025-08-11,1,Nurse
10000000473,Chrysa,Pavlidis,1983-01-08,cpavlidis474@hdb.gr,2015-07-23,1,Nurse
10000000474,Maria,Nikolaou,1985-08-12,mnikolaou475@hdb.gr,2018-08-15,1,Nurse
10000000475,Anna,Lazarou,1993-09-24,alazarou476@hdb.gr,2014-08-09,1,Nurse
10000000476,Evangelia,Georgiou,1991-01-19,egeorgiou477@hdb.gr,2022-11-07,1,Nurse
10000000477,Evangelia,Alexiou,1993-04-09,ealexiou478@hdb.gr,2014-12-09,1,Nurse
10000000478,Sofia,Konstantinou,1999-10-15,skonstantinou479@hdb.gr,2021-12-13,1,Nurse
10000000479,Chrysa,Konstantinou,1983-07-23,ckonstantinou480@hdb.gr,2016-02-28,1,Nurse
10000000480,Andreas,Konstantinou,1988-03-04,akonstantinou481@hdb.gr,2013-06-09,1,Nurse
10000000481,Ioanna,Pavlidis,1977-11-12,ipavlidis482@hdb.gr,2017-02-10,1,Nurse
10000000482,Marios,Theodorou,1980-04-13,mtheodorou483@hdb.gr,2012-04-28,1,Nurse
10000000483,Panagiotis,Sotiriou,1976-07-17,psotiriou484@hdb.gr,2018-09-19,1,Nurse
10000000484,Panagiotis,Lazarou,2002-04-25,plazarou485@hdb.gr,2024-08-21,1,Nurse
10000000485,Vasilis,Petrou,1986-10-25,vpetrou486@hdb.gr,2021-04-03,1,Nurse
10000000486,Giannis,Nikolaou,1979-04-21,gnikolaou487@hdb.gr,2014-06-12,1,Nurse
10000000487,Eleni,Konstantinou,1990-12-12,ekonstantinou488@hdb.gr,2015-10-29,1,Nurse
10000000488,Nikos,Theodorou,1995-03-10,ntheodorou489@hdb.gr,2021-10-24,1,Nurse
10000000489,Maria,Petrou,1995-01-05,mpetrou490@hdb.gr,2019-02-04,1,Nurse
10000000490,Georgia,Athanasiou,1992-01-04,gathanasiou491@hdb.gr,2021-08-25,1,Nurse
10000000491,Ioanna,Kostopoulos,2000-11-15,ikostopoulos492@hdb.gr,2023-10-01,1,Nurse
10000000492,Anastasia,Konstantinou,1976-02-18,akonstantinou493@hdb.gr,2019-05-30,1,Nurse
10000000493,Panagiota,Athanasiou,1979-12-25,pathanasiou494@hdb.gr,2024-12-25,1,Nurse
10000000494,Chrysa,Athanasiou,1984-03-18,cathanasiou495@hdb.gr,2012-01-10,1,Nurse
10000000495,Andreas,Alexiou,1990-09-24,aalexiou496@hdb.gr,2023-12-14,1,Nurse
10000000496,Michalis,Nikolaou,1984-09-23,mnikolaou497@hdb.gr,2013-01-31,1,Nurse
10000000497,Giorgos,Lazarou,1991-11-13,glazarou498@hdb.gr,2023-03-11,1,Nurse
10000000498,Natalia,Kostopoulos,1984-01-12,nkostopoulos499@hdb.gr,2025-01-16,1,Nurse
10000000499,Georgia,Nikolaou,1997-04-22,gnikolaou500@hdb.gr,2021-12-03,1,Nurse
10000000500,Sofia,Lazarou,1993-10-18,slazarou501@hdb.gr,2016-02-10,1,Nurse
10000000501,Dimitra,Kostopoulos,1978-10-09,dkostopoulos502@hdb.gr,2021-05-27,1,Nurse
10000000502,Anastasia,Theodorou,1976-03-04,atheodorou503@hdb.gr,2022-12-30,1,Nurse
10000000503,Sofia,Lazarou,2002-08-04,slazarou504@hdb.gr,2025-08-05,1,Nurse
10000000504,Anna,Lazarou,1978-02-01,alazarou505@hdb.gr,2022-11-12,1,Nurse
10000000505,Vasilis,Pavlidis,1977-03-16,vpavlidis506@hdb.gr,2015-06-12,1,Nurse
10000000506,Nikos,Vasiliou,1991-02-13,nvasiliou507@hdb.gr,2022-06-09,1,Nurse
10000000507,Evangelia,Petrou,1996-01-14,epetrou508@hdb.gr,2025-02-08,1,Nurse
10000000508,Dimitra,Athanasiou,1987-06-17,dathanasiou509@hdb.gr,2017-07-01,1,Nurse
10000000509,Chrysa,Theodorou,1981-04-06,ctheodorou510@hdb.gr,2023-07-03,1,Nurse
10000000510,Spyros,Nikolaou,2001-10-13,snikolaou511@hdb.gr,2024-12-20,1,Nurse
10000000511,Michalis,Kostopoulos,2001-08-16,mkostopoulos512@hdb.gr,2024-09-17,1,Nurse
10000000512,Giorgos,Sotiriou,1987-07-07,gsotiriou513@hdb.gr,2021-07-02,1,Nurse
10000000513,Michalis,Vasiliou,2001-05-20,mvasiliou514@hdb.gr,2024-02-09,1,Nurse
10000000514,Dimitra,Georgiou,1999-03-21,dgeorgiou515@hdb.gr,2021-10-13,1,Nurse
10000000515,Katerina,Alexiou,1977-09-24,kalexiou516@hdb.gr,2023-10-16,1,Nurse
10000000516,Spyros,Georgiou,1984-12-03,sgeorgiou517@hdb.gr,2018-12-22,1,Nurse
10000000517,Katerina,Petrou,1993-09-18,kpetrou518@hdb.gr,2016-06-07,1,Nurse
10000000518,Anastasia,Lazarou,1978-12-17,alazarou519@hdb.gr,2012-02-10,1,Nurse
10000000519,Panagiotis,Petrou,1997-05-02,ppetrou520@hdb.gr,2024-04-05,1,Nurse
10000000520,Dimitris,Konstantinou,1996-07-14,dkonstantinou521@hdb.gr,2020-03-11,1,Nurse
10000000521,Sofia,Lazarou,1999-06-26,slazarou522@hdb.gr,2025-07-05,1,Nurse
10000000522,Giannis,Athanasiou,1984-05-05,gathanasiou523@hdb.gr,2020-05-24,1,Nurse
10000000523,Anna,Pavlidis,1982-09-06,apavlidis524@hdb.gr,2015-07-31,1,Nurse
10000000524,Ioanna,Athanasiou,1978-05-22,iathanasiou525@hdb.gr,2019-05-18,1,Nurse
10000000525,Katerina,Konstantinou,1993-11-21,kkonstantinou526@hdb.gr,2024-01-21,1,Nurse
10000000526,Georgia,Ioannou,1981-05-21,gioannou527@hdb.gr,2019-04-18,1,Nurse
10000000527,Spyros,Alexiou,2000-05-20,salexiou528@hdb.gr,2025-07-08,1,Nurse
10000000528,Dimitris,Alexiou,2002-03-12,dalexiou529@hdb.gr,2025-02-28,1,Nurse
10000000529,Dimitra,Konstantinou,1995-08-05,dkonstantinou530@hdb.gr,2018-04-28,1,Nurse
10000000530,Michalis,Nikolaou,1980-01-24,mnikolaou531@hdb.gr,2015-02-02,1,Nurse
10000000531,Kostas,Papadopoulos,1977-04-06,kpapadopoulos532@hdb.gr,2022-02-25,1,Nurse
10000000532,Vasiliki,Sotiriou,1990-12-23,vsotiriou533@hdb.gr,2017-07-15,1,Nurse
10000000533,Katerina,Kostopoulos,1989-09-25,kkostopoulos534@hdb.gr,2012-09-16,1,Nurse
10000000534,Natalia,Pavlidis,1983-08-27,npavlidis535@hdb.gr,2020-03-24,1,Nurse
10000000535,Dimitra,Konstantinou,1986-10-15,dkonstantinou536@hdb.gr,2018-01-24,1,Nurse
10000000536,Andreas,Konstantinou,1979-09-16,akonstantinou537@hdb.gr,2020-04-17,1,Nurse
10000000537,Eleni,Vasiliou,1977-11-27,evasiliou538@hdb.gr,2018-01-15,1,Nurse
10000000538,Dimitris,Athanasiou,1984-08-18,dathanasiou539@hdb.gr,2020-06-13,1,Nurse
10000000539,Evangelia,Vasiliou,1999-07-07,evasiliou540@hdb.gr,2025-04-14,1,Nurse
10000000540,Giorgos,Pavlidis,1986-12-16,gpavlidis541@hdb.gr,2015-11-29,1,AdminStaff
10000000541,Michalis,Nikolaou,1994-12-13,mnikolaou542@hdb.gr,2015-10-26,1,AdminStaff
10000000542,Marios,Petrou,1992-03-11,mpetrou543@hdb.gr,2015-08-31,1,AdminStaff
10000000543,Dimitris,Nikolaou,1987-03-07,dnikolaou544@hdb.gr,2013-11-20,1,AdminStaff
10000000544,Sofia,Konstantinou,2002-04-10,skonstantinou545@hdb.gr,2025-06-16,1,AdminStaff
10000000545,Dimitra,Vasiliou,1979-12-20,dvasiliou546@hdb.gr,2021-10-17,1,AdminStaff
10000000546,Kostas,Vasiliou,1974-11-13,kvasiliou547@hdb.gr,2014-03-16,1,AdminStaff
10000000547,Dimitris,Kostopoulos,2001-03-14,dkostopoulos548@hdb.gr,2025-03-15,1,AdminStaff
10000000548,Stavros,Petrou,2000-10-12,spetrou549@hdb.gr,2024-02-01,1,AdminStaff
10000000549,Stavros,Sotiriou,1985-02-19,ssotiriou550@hdb.gr,2017-06-21,1,AdminStaff
10000000550,Dimitra,Petrou,1996-06-05,dpetrou551@hdb.gr,2017-08-08,1,AdminStaff
10000000551,Giorgos,Vasiliou,1989-07-17,gvasiliou552@hdb.gr,2019-02-10,1,AdminStaff
10000000552,Nikos,Pavlidis,1973-06-27,npavlidis553@hdb.gr,2022-03-12,1,AdminStaff
10000000553,Natalia,Georgiou,1986-01-12,ngeorgiou554@hdb.gr,2021-11-30,1,AdminStaff
10000000554,Evangelia,Theodorou,1995-11-05,etheodorou555@hdb.gr,2021-02-08,1,AdminStaff
10000000555,Panagiotis,Lazarou,1970-04-07,plazarou556@hdb.gr,2023-12-15,1,AdminStaff
10000000556,Sofia,Petrou,1988-04-09,spetrou557@hdb.gr,2020-06-11,1,AdminStaff
10000000557,Spyros,Sotiriou,1982-06-14,ssotiriou558@hdb.gr,2016-09-14,1,AdminStaff
10000000558,Georgia,Papadopoulos,1984-11-02,gpapadopoulos559@hdb.gr,2021-09-19,1,AdminStaff
10000000559,Giorgos,Theodorou,1999-10-05,gtheodorou560@hdb.gr,2022-07-21,1,AdminStaff
10000000560,Katerina,Georgiou,1997-01-14,kgeorgiou561@hdb.gr,2018-12-22,1,AdminStaff
10000000561,Dimitris,Nikolaou,1978-01-02,dnikolaou562@hdb.gr,2013-05-10,1,AdminStaff
10000000562,Anastasia,Kostopoulos,1998-03-18,akostopoulos563@hdb.gr,2021-10-09,1,AdminStaff
10000000563,Spyros,Petrou,1995-02-03,spetrou564@hdb.gr,2021-08-04,1,AdminStaff
10000000564,Katerina,Vasiliou,1972-12-09,kvasiliou565@hdb.gr,2023-03-13,1,AdminStaff
10000000565,Panagiota,Konstantinou,1989-03-18,pkonstantinou566@hdb.gr,2017-11-08,1,AdminStaff
10000000566,Stavros,Ioannou,2000-10-04,sioannou567@hdb.gr,2022-12-16,1,AdminStaff
10000000567,Petros,Sotiriou,1996-03-22,psotiriou568@hdb.gr,2022-08-30,1,AdminStaff
10000000568,Petros,Vasiliou,1986-02-17,pvasiliou569@hdb.gr,2016-12-03,1,AdminStaff
10000000569,Sofia,Konstantinou,1977-03-16,skonstantinou570@hdb.gr,2017-12-15,1,AdminStaff
10000000570,Ioanna,Sotiriou,1994-11-12,isotiriou571@hdb.gr,2019-02-09,1,AdminStaff
10000000571,Evangelia,Georgiou,1974-12-28,egeorgiou572@hdb.gr,2017-01-28,1,AdminStaff
10000000572,Vasilis,Alexiou,1981-12-23,valexiou573@hdb.gr,2023-05-24,1,AdminStaff
10000000573,Eleni,Georgiou,1988-04-11,egeorgiou574@hdb.gr,2025-04-17,1,AdminStaff
10000000574,Panagiota,Papadopoulos,1968-08-13,ppapadopoulos575@hdb.gr,2017-06-13,1,AdminStaff
10000000575,Giorgos,Vasiliou,1968-12-04,gvasiliou576@hdb.gr,2022-12-30,1,AdminStaff
10000000576,Giannis,Theodorou,1994-11-27,gtheodorou577@hdb.gr,2022-01-06,1,AdminStaff
10000000577,Marios,Dimitriou,1999-07-04,mdimitriou578@hdb.gr,2024-10-19,1,AdminStaff
10000000578,Maria,Nikolaou,1978-07-01,mnikolaou579@hdb.gr,2023-05-01,1,AdminStaff
10000000579,Spyros,Georgiou,1980-08-21,sgeorgiou580@hdb.gr,2021-07-02,1,AdminStaff
10000000580,Vasilis,Athanasiou,1990-03-28,vathanasiou581@hdb.gr,2015-01-06,1,AdminStaff
10000000581,Petros,Konstantinou,1977-07-28,pkonstantinou582@hdb.gr,2024-11-13,1,AdminStaff
10000000582,Spyros,Georgiou,1969-01-06,sgeorgiou583@hdb.gr,2019-04-20,1,AdminStaff
10000000583,Andreas,Sotiriou,1974-07-18,asotiriou584@hdb.gr,2017-04-29,1,AdminStaff
10000000584,Vasilis,Sotiriou,1991-08-20,vsotiriou585@hdb.gr,2020-06-27,1,AdminStaff
10000000585,Nikos,Lazarou,1983-05-20,nlazarou586@hdb.gr,2022-11-17,1,AdminStaff
10000000586,Chrysa,Georgiou,1978-09-28,cgeorgiou587@hdb.gr,2023-07-18,1,AdminStaff
10000000587,Stavros,Dimitriou,2000-03-09,sdimitriou588@hdb.gr,2024-01-10,1,AdminStaff
10000000588,Katerina,Pavlidis,1977-06-01,kpavlidis589@hdb.gr,2023-08-24,1,AdminStaff
10000000589,Anastasia,Petrou,1979-04-19,apetrou590@hdb.gr,2015-06-19,1,AdminStaff
10000000590,Marios,Dimitriou,1984-04-02,mdimitriou591@hdb.gr,2017-05-11,1,AdminStaff
10000000591,Georgia,Theodorou,1979-11-16,gtheodorou592@hdb.gr,2023-10-16,1,AdminStaff
10000000592,Katerina,Athanasiou,1976-09-28,kathanasiou593@hdb.gr,2013-12-18,1,AdminStaff
10000000593,Sofia,Petrou,1988-06-24,spetrou594@hdb.gr,2013-11-24,1,AdminStaff
10000000594,Dimitra,Alexiou,1991-09-08,dalexiou595@hdb.gr,2014-01-23,1,AdminStaff
10000000595,Evangelia,Vasiliou,1981-02-14,evasiliou596@hdb.gr,2015-04-05,1,AdminStaff
10000000596,Panagiota,Petrou,1997-06-13,ppetrou597@hdb.gr,2020-11-21,1,AdminStaff
10000000597,Dimitra,Theodorou,1973-01-16,dtheodorou598@hdb.gr,2024-06-04,1,AdminStaff
10000000598,Vasiliki,Konstantinou,1974-10-18,vkonstantinou599@hdb.gr,2024-08-14,1,AdminStaff
10000000599,Petros,Athanasiou,1992-06-24,pathanasiou600@hdb.gr,2023-10-21,1,AdminStaff
10000000600,Chrysa,Athanasiou,1998-12-16,cathanasiou601@hdb.gr,2021-06-08,1,AdminStaff
10000000601,Sofia,Nikolaou,1996-07-26,snikolaou602@hdb.gr,2023-12-22,1,AdminStaff
10000000602,Andreas,Dimitriou,1989-01-16,adimitriou603@hdb.gr,2024-04-11,1,AdminStaff
10000000603,Vasiliki,Konstantinou,1997-07-12,vkonstantinou604@hdb.gr,2023-11-11,1,AdminStaff
10000000604,Giannis,Georgiou,1968-03-09,ggeorgiou605@hdb.gr,2019-02-09,1,AdminStaff
10000000605,Eleni,Kostopoulos,2000-09-08,ekostopoulos606@hdb.gr,2021-09-15,1,AdminStaff
10000000606,Panagiotis,Ioannou,1984-01-04,pioannou607@hdb.gr,2016-08-19,1,AdminStaff
10000000607,Natalia,Georgiou,1992-09-05,ngeorgiou608@hdb.gr,2016-05-14,1,AdminStaff
10000000608,Ioanna,Nikolaou,1986-12-13,inikolaou609@hdb.gr,2022-02-04,1,AdminStaff
10000000609,Eleni,Vasiliou,1990-02-02,evasiliou610@hdb.gr,2016-02-22,1,AdminStaff
10000000610,Nikos,Georgiou,1981-07-07,ngeorgiou611@hdb.gr,2021-11-25,1,AdminStaff
10000000611,Vasiliki,Dimitriou,1981-11-09,vdimitriou612@hdb.gr,2013-10-04,1,AdminStaff
10000000612,Dimitra,Sotiriou,1972-06-26,dsotiriou613@hdb.gr,2019-02-27,1,AdminStaff
10000000613,Christos,Lazarou,1986-01-08,clazarou614@hdb.gr,2013-02-10,1,AdminStaff
10000000614,Natalia,Petrou,2002-12-15,npetrou615@hdb.gr,2023-04-06,1,AdminStaff
10000000615,Giannis,Theodorou,1994-03-22,gtheodorou616@hdb.gr,2022-10-30,1,AdminStaff
10000000616,Spyros,Ioannou,1987-10-07,sioannou617@hdb.gr,2018-12-28,1,AdminStaff
10000000617,Nikos,Konstantinou,1970-12-28,nkonstantinou618@hdb.gr,2014-12-19,1,AdminStaff
10000000618,Marios,Pavlidis,1998-09-04,mpavlidis619@hdb.gr,2020-02-04,1,AdminStaff
10000000619,Panagiotis,Nikolaou,1973-05-07,pnikolaou620@hdb.gr,2020-02-12,1,AdminStaff
10000000620,Michalis,Pavlidis,1998-12-05,mpavlidis621@hdb.gr,2021-06-26,1,AdminStaff
10000000621,Christos,Ioannou,1999-02-06,cioannou622@hdb.gr,2021-06-18,1,AdminStaff
10000000622,Chrysa,Vasiliou,1983-03-07,cvasiliou623@hdb.gr,2018-09-06,1,AdminStaff
10000000623,Anastasia,Lazarou,1985-12-12,alazarou624@hdb.gr,2020-04-07,1,AdminStaff
10000000624,Anastasia,Konstantinou,2000-01-22,akonstantinou625@hdb.gr,2025-05-16,1,AdminStaff
10000000625,Anastasia,Papadopoulos,1999-01-20,apapadopoulos626@hdb.gr,2021-03-07,1,AdminStaff
10000000626,Christos,Lazarou,1977-06-02,clazarou627@hdb.gr,2014-05-15,1,AdminStaff
10000000627,Maria,Sotiriou,1993-04-21,msotiriou628@hdb.gr,2021-02-10,1,AdminStaff
10000000628,Sofia,Ioannou,1969-06-09,sioannou629@hdb.gr,2017-07-21,1,AdminStaff
10000000629,Anna,Papadopoulos,1994-11-02,apapadopoulos630@hdb.gr,2025-05-16,1,AdminStaff
10000000630,Georgia,Ioannou,1974-12-13,gioannou631@hdb.gr,2013-06-16,1,AdminStaff
10000000631,Anna,Kostopoulos,1990-11-06,akostopoulos632@hdb.gr,2023-08-29,1,AdminStaff
10000000632,Giannis,Konstantinou,1976-07-21,gkonstantinou633@hdb.gr,2017-01-22,1,AdminStaff
10000000633,Michalis,Alexiou,1972-11-15,malexiou634@hdb.gr,2013-11-18,1,AdminStaff
10000000634,Maria,Ioannou,1985-01-11,mioannou635@hdb.gr,2020-09-01,1,AdminStaff
10000000635,Kostas,Petrou,1998-06-02,kpetrou636@hdb.gr,2021-06-10,1,AdminStaff
10000000636,Dimitra,Nikolaou,1996-11-16,dnikolaou637@hdb.gr,2019-06-14,1,AdminStaff
10000000637,Vasiliki,Pavlidis,1981-06-01,vpavlidis638@hdb.gr,2015-09-06,1,AdminStaff
10000000638,Giannis,Athanasiou,1995-08-14,gathanasiou639@hdb.gr,2016-03-17,1,AdminStaff
10000000639,Stavros,Athanasiou,1984-11-06,sathanasiou640@hdb.gr,2017-06-27,1,AdminStaff
10000000640,Maria,Lazarou,2000-10-02,mlazarou641@hdb.gr,2023-01-08,1,AdminStaff
10000000641,Spyros,Konstantinou,1990-01-17,skonstantinou642@hdb.gr,2016-12-19,1,AdminStaff
10000000642,Panagiota,Dimitriou,1980-07-09,pdimitriou643@hdb.gr,2018-06-11,1,AdminStaff
10000000643,Michalis,Vasiliou,1984-07-10,mvasiliou644@hdb.gr,2020-11-29,1,AdminStaff
10000000644,Evangelia,Papadopoulos,2001-06-05,epapadopoulos645@hdb.gr,2025-08-15,1,AdminStaff
10000000645,Panagiota,Dimitriou,1998-03-18,pdimitriou646@hdb.gr,2024-09-21,1,AdminStaff
10000000646,Petros,Ioannou,2000-02-17,pioannou647@hdb.gr,2024-12-10,1,AdminStaff
10000000647,Vasiliki,Georgiou,1985-12-12,vgeorgiou648@hdb.gr,2019-05-04,1,AdminStaff
10000000648,Vasiliki,Konstantinou,1973-04-11,vkonstantinou649@hdb.gr,2024-02-24,1,AdminStaff
10000000649,Michalis,Sotiriou,1985-10-12,msotiriou650@hdb.gr,2024-06-12,1,AdminStaff
10000000650,Giannis,Dimitriou,1989-07-07,gdimitriou651@hdb.gr,2015-06-05,1,AdminStaff
10000000651,Michalis,Alexiou,1994-03-19,malexiou652@hdb.gr,2023-07-01,1,AdminStaff
10000000652,Spyros,Alexiou,1998-02-03,salexiou653@hdb.gr,2020-12-15,1,AdminStaff
10000000653,Petros,Athanasiou,1978-11-17,pathanasiou654@hdb.gr,2022-07-11,1,AdminStaff
10000000654,Anastasia,Alexiou,2000-11-28,aalexiou655@hdb.gr,2025-08-14,1,AdminStaff
10000000655,Evangelia,Sotiriou,1985-05-16,esotiriou656@hdb.gr,2013-12-24,1,AdminStaff
10000000656,Anna,Konstantinou,1971-06-26,akonstantinou657@hdb.gr,2017-07-16,1,AdminStaff
10000000657,Anna,Athanasiou,1997-03-05,aathanasiou658@hdb.gr,2022-12-17,1,AdminStaff
10000000658,Christos,Pavlidis,1983-05-14,cpavlidis659@hdb.gr,2016-09-07,1,AdminStaff
10000000659,Giannis,Lazarou,1972-05-23,glazarou660@hdb.gr,2014-05-08,1,AdminStaff
